sha256,positives,company,detected,update
000026e846ffcf60e2a9e135251b4f411300e903dce95d47989b24158e93bb3d,9,Bkav,False,20190314
000026e846ffcf60e2a9e135251b4f411300e903dce95d47989b24158e93bb3d,9,K7AntiVirus,False,20190316
000026e846ffcf60e2a9e135251b4f411300e903dce95d47989b24158e93bb3d,9,MicroWorld-eScan,False,20190316
000026e846ffcf60e2a9e135251b4f411300e903dce95d47989b24158e93bb3d,9,CMC,False,20190315
000026e846ffcf60e2a9e135251b4f411300e903dce95d47989b24158e93bb3d,9,CAT-QuickHeal,True,20190315
000026e846ffcf60e2a9e135251b4f411300e903dce95d47989b24158e93bb3d,9,McAfee,True,20190316
000026e846ffcf60e2a9e135251b4f411300e903dce95d47989b24158e93bb3d,9,Malwarebytes,False,20190316
000026e846ffcf60e2a9e135251b4f411300e903dce95d47989b24158e93bb3d,9,SUPERAntiSpyware,False,20190314
000026e846ffcf60e2a9e135251b4f411300e903dce95d47989b24158e93bb3d,9,TheHacker,False,20190315
000026e846ffcf60e2a9e135251b4f411300e903dce95d47989b24158e93bb3d,9,Alibaba,False,20190306
000026e846ffcf60e2a9e135251b4f411300e903dce95d47989b24158e93bb3d,9,K7GW,False,20190315
000026e846ffcf60e2a9e135251b4f411300e903dce95d47989b24158e93bb3d,9,Trustlook,False,20190316
000026e846ffcf60e2a9e135251b4f411300e903dce95d47989b24158e93bb3d,9,Arcabit,False,20190316
000026e846ffcf60e2a9e135251b4f411300e903dce95d47989b24158e93bb3d,9,Baidu,False,20190306
000026e846ffcf60e2a9e135251b4f411300e903dce95d47989b24158e93bb3d,9,Babable,True,20180918
000026e846ffcf60e2a9e135251b4f411300e903dce95d47989b24158e93bb3d,9,F-Prot,False,20190316
000026e846ffcf60e2a9e135251b4f411300e903dce95d47989b24158e93bb3d,9,SymantecMobileInsight,False,20190220
000026e846ffcf60e2a9e135251b4f411300e903dce95d47989b24158e93bb3d,9,ESET-NOD32,True,20190316
000026e846ffcf60e2a9e135251b4f411300e903dce95d47989b24158e93bb3d,9,TrendMicro-HouseCall,False,20190316
000026e846ffcf60e2a9e135251b4f411300e903dce95d47989b24158e93bb3d,9,Avast,False,20190316
000026e846ffcf60e2a9e135251b4f411300e903dce95d47989b24158e93bb3d,9,ClamAV,False,20190316
000026e846ffcf60e2a9e135251b4f411300e903dce95d47989b24158e93bb3d,9,Kaspersky,False,20190316
000026e846ffcf60e2a9e135251b4f411300e903dce95d47989b24158e93bb3d,9,BitDefender,False,20190316
000026e846ffcf60e2a9e135251b4f411300e903dce95d47989b24158e93bb3d,9,NANO-Antivirus,False,20190316
000026e846ffcf60e2a9e135251b4f411300e903dce95d47989b24158e93bb3d,9,AegisLab,False,20190316
000026e846ffcf60e2a9e135251b4f411300e903dce95d47989b24158e93bb3d,9,Tencent,False,20190316
000026e846ffcf60e2a9e135251b4f411300e903dce95d47989b24158e93bb3d,9,Ad-Aware,False,20190316
000026e846ffcf60e2a9e135251b4f411300e903dce95d47989b24158e93bb3d,9,Emsisoft,False,20190316
000026e846ffcf60e2a9e135251b4f411300e903dce95d47989b24158e93bb3d,9,Comodo,False,20190316
000026e846ffcf60e2a9e135251b4f411300e903dce95d47989b24158e93bb3d,9,F-Secure,True,20190316
000026e846ffcf60e2a9e135251b4f411300e903dce95d47989b24158e93bb3d,9,DrWeb,False,20190316
000026e846ffcf60e2a9e135251b4f411300e903dce95d47989b24158e93bb3d,9,Zillya,False,20190315
000026e846ffcf60e2a9e135251b4f411300e903dce95d47989b24158e93bb3d,9,McAfee-GW-Edition,False,20190316
000026e846ffcf60e2a9e135251b4f411300e903dce95d47989b24158e93bb3d,9,Sophos,False,20190316
000026e846ffcf60e2a9e135251b4f411300e903dce95d47989b24158e93bb3d,9,Cyren,True,20190316
000026e846ffcf60e2a9e135251b4f411300e903dce95d47989b24158e93bb3d,9,Jiangmin,False,20190316
000026e846ffcf60e2a9e135251b4f411300e903dce95d47989b24158e93bb3d,9,Avira,True,20190316
000026e846ffcf60e2a9e135251b4f411300e903dce95d47989b24158e93bb3d,9,MAX,False,20190316
000026e846ffcf60e2a9e135251b4f411300e903dce95d47989b24158e93bb3d,9,Antiy-AVL,True,20190316
000026e846ffcf60e2a9e135251b4f411300e903dce95d47989b24158e93bb3d,9,Kingsoft,False,20190316
000026e846ffcf60e2a9e135251b4f411300e903dce95d47989b24158e93bb3d,9,Microsoft,False,20190316
000026e846ffcf60e2a9e135251b4f411300e903dce95d47989b24158e93bb3d,9,ViRobot,False,20190315
000026e846ffcf60e2a9e135251b4f411300e903dce95d47989b24158e93bb3d,9,AhnLab-V3,False,20190315
000026e846ffcf60e2a9e135251b4f411300e903dce95d47989b24158e93bb3d,9,ZoneAlarm,False,20190316
000026e846ffcf60e2a9e135251b4f411300e903dce95d47989b24158e93bb3d,9,Avast-Mobile,False,20190316
000026e846ffcf60e2a9e135251b4f411300e903dce95d47989b24158e93bb3d,9,GData,False,20190316
000026e846ffcf60e2a9e135251b4f411300e903dce95d47989b24158e93bb3d,9,TotalDefense,False,20190316
000026e846ffcf60e2a9e135251b4f411300e903dce95d47989b24158e93bb3d,9,VBA32,False,20190315
000026e846ffcf60e2a9e135251b4f411300e903dce95d47989b24158e93bb3d,9,TACHYON,False,20190316
000026e846ffcf60e2a9e135251b4f411300e903dce95d47989b24158e93bb3d,9,Zoner,False,20190316
000026e846ffcf60e2a9e135251b4f411300e903dce95d47989b24158e93bb3d,9,Rising,False,20190316
000026e846ffcf60e2a9e135251b4f411300e903dce95d47989b24158e93bb3d,9,Yandex,False,20190315
000026e846ffcf60e2a9e135251b4f411300e903dce95d47989b24158e93bb3d,9,Ikarus,True,20190316
000026e846ffcf60e2a9e135251b4f411300e903dce95d47989b24158e93bb3d,9,Fortinet,False,20190316
000026e846ffcf60e2a9e135251b4f411300e903dce95d47989b24158e93bb3d,9,AVG,False,20190316
000026e846ffcf60e2a9e135251b4f411300e903dce95d47989b24158e93bb3d,9,Panda,False,20190316
000026e846ffcf60e2a9e135251b4f411300e903dce95d47989b24158e93bb3d,9,Qihoo-360,False,20190316
0000716bf3c42807f4f7d11f983cbd0ad3a7bb60c60fceec2141c2df7ecdac03,8,Bkav,False,20190402
0000716bf3c42807f4f7d11f983cbd0ad3a7bb60c60fceec2141c2df7ecdac03,8,MicroWorld-eScan,False,20190403
0000716bf3c42807f4f7d11f983cbd0ad3a7bb60c60fceec2141c2df7ecdac03,8,CMC,False,20190321
0000716bf3c42807f4f7d11f983cbd0ad3a7bb60c60fceec2141c2df7ecdac03,8,CAT-QuickHeal,False,20190402
0000716bf3c42807f4f7d11f983cbd0ad3a7bb60c60fceec2141c2df7ecdac03,8,McAfee,False,20190403
0000716bf3c42807f4f7d11f983cbd0ad3a7bb60c60fceec2141c2df7ecdac03,8,Malwarebytes,False,20190403
0000716bf3c42807f4f7d11f983cbd0ad3a7bb60c60fceec2141c2df7ecdac03,8,TheHacker,False,20190327
0000716bf3c42807f4f7d11f983cbd0ad3a7bb60c60fceec2141c2df7ecdac03,8,BitDefender,False,20190403
0000716bf3c42807f4f7d11f983cbd0ad3a7bb60c60fceec2141c2df7ecdac03,8,K7GW,True,20190402
0000716bf3c42807f4f7d11f983cbd0ad3a7bb60c60fceec2141c2df7ecdac03,8,K7AntiVirus,False,20190402
0000716bf3c42807f4f7d11f983cbd0ad3a7bb60c60fceec2141c2df7ecdac03,8,Baidu,False,20190318
0000716bf3c42807f4f7d11f983cbd0ad3a7bb60c60fceec2141c2df7ecdac03,8,Babable,False,20180918
0000716bf3c42807f4f7d11f983cbd0ad3a7bb60c60fceec2141c2df7ecdac03,8,F-Prot,False,20190403
0000716bf3c42807f4f7d11f983cbd0ad3a7bb60c60fceec2141c2df7ecdac03,8,SymantecMobileInsight,True,20190325
0000716bf3c42807f4f7d11f983cbd0ad3a7bb60c60fceec2141c2df7ecdac03,8,ESET-NOD32,True,20190403
0000716bf3c42807f4f7d11f983cbd0ad3a7bb60c60fceec2141c2df7ecdac03,8,TrendMicro-HouseCall,False,20190403
0000716bf3c42807f4f7d11f983cbd0ad3a7bb60c60fceec2141c2df7ecdac03,8,Avast,False,20190403
0000716bf3c42807f4f7d11f983cbd0ad3a7bb60c60fceec2141c2df7ecdac03,8,ClamAV,False,20190402
0000716bf3c42807f4f7d11f983cbd0ad3a7bb60c60fceec2141c2df7ecdac03,8,GData,False,20190403
0000716bf3c42807f4f7d11f983cbd0ad3a7bb60c60fceec2141c2df7ecdac03,8,Kaspersky,False,20190403
0000716bf3c42807f4f7d11f983cbd0ad3a7bb60c60fceec2141c2df7ecdac03,8,Alibaba,True,20190402
0000716bf3c42807f4f7d11f983cbd0ad3a7bb60c60fceec2141c2df7ecdac03,8,NANO-Antivirus,True,20190403
0000716bf3c42807f4f7d11f983cbd0ad3a7bb60c60fceec2141c2df7ecdac03,8,ViRobot,False,20190402
0000716bf3c42807f4f7d11f983cbd0ad3a7bb60c60fceec2141c2df7ecdac03,8,SUPERAntiSpyware,False,20190328
0000716bf3c42807f4f7d11f983cbd0ad3a7bb60c60fceec2141c2df7ecdac03,8,Rising,False,20190403
0000716bf3c42807f4f7d11f983cbd0ad3a7bb60c60fceec2141c2df7ecdac03,8,Ad-Aware,False,20190403
0000716bf3c42807f4f7d11f983cbd0ad3a7bb60c60fceec2141c2df7ecdac03,8,Trustlook,True,20190403
0000716bf3c42807f4f7d11f983cbd0ad3a7bb60c60fceec2141c2df7ecdac03,8,Sophos,False,20190403
0000716bf3c42807f4f7d11f983cbd0ad3a7bb60c60fceec2141c2df7ecdac03,8,Comodo,False,20190403
0000716bf3c42807f4f7d11f983cbd0ad3a7bb60c60fceec2141c2df7ecdac03,8,F-Secure,False,20190403
0000716bf3c42807f4f7d11f983cbd0ad3a7bb60c60fceec2141c2df7ecdac03,8,DrWeb,False,20190403
0000716bf3c42807f4f7d11f983cbd0ad3a7bb60c60fceec2141c2df7ecdac03,8,Zillya,False,20190401
0000716bf3c42807f4f7d11f983cbd0ad3a7bb60c60fceec2141c2df7ecdac03,8,TrendMicro,False,20190403
0000716bf3c42807f4f7d11f983cbd0ad3a7bb60c60fceec2141c2df7ecdac03,8,McAfee-GW-Edition,False,20190402
0000716bf3c42807f4f7d11f983cbd0ad3a7bb60c60fceec2141c2df7ecdac03,8,FireEye,False,20190403
0000716bf3c42807f4f7d11f983cbd0ad3a7bb60c60fceec2141c2df7ecdac03,8,Emsisoft,False,20190403
0000716bf3c42807f4f7d11f983cbd0ad3a7bb60c60fceec2141c2df7ecdac03,8,Ikarus,True,20190402
0000716bf3c42807f4f7d11f983cbd0ad3a7bb60c60fceec2141c2df7ecdac03,8,Cyren,False,20190403
0000716bf3c42807f4f7d11f983cbd0ad3a7bb60c60fceec2141c2df7ecdac03,8,Jiangmin,True,20190403
0000716bf3c42807f4f7d11f983cbd0ad3a7bb60c60fceec2141c2df7ecdac03,8,Avira,False,20190402
0000716bf3c42807f4f7d11f983cbd0ad3a7bb60c60fceec2141c2df7ecdac03,8,Antiy-AVL,False,20190403
0000716bf3c42807f4f7d11f983cbd0ad3a7bb60c60fceec2141c2df7ecdac03,8,Kingsoft,False,20190403
0000716bf3c42807f4f7d11f983cbd0ad3a7bb60c60fceec2141c2df7ecdac03,8,Microsoft,False,20190403
0000716bf3c42807f4f7d11f983cbd0ad3a7bb60c60fceec2141c2df7ecdac03,8,Arcabit,False,20190403
0000716bf3c42807f4f7d11f983cbd0ad3a7bb60c60fceec2141c2df7ecdac03,8,AegisLab,False,20190403
0000716bf3c42807f4f7d11f983cbd0ad3a7bb60c60fceec2141c2df7ecdac03,8,AhnLab-V3,False,20190403
0000716bf3c42807f4f7d11f983cbd0ad3a7bb60c60fceec2141c2df7ecdac03,8,ZoneAlarm,False,20190403
0000716bf3c42807f4f7d11f983cbd0ad3a7bb60c60fceec2141c2df7ecdac03,8,Avast-Mobile,False,20190402
0000716bf3c42807f4f7d11f983cbd0ad3a7bb60c60fceec2141c2df7ecdac03,8,TotalDefense,False,20190402
0000716bf3c42807f4f7d11f983cbd0ad3a7bb60c60fceec2141c2df7ecdac03,8,VBA32,False,20190402
0000716bf3c42807f4f7d11f983cbd0ad3a7bb60c60fceec2141c2df7ecdac03,8,ALYac,False,20190403
0000716bf3c42807f4f7d11f983cbd0ad3a7bb60c60fceec2141c2df7ecdac03,8,TACHYON,False,20190403
0000716bf3c42807f4f7d11f983cbd0ad3a7bb60c60fceec2141c2df7ecdac03,8,Zoner,False,20190403
0000716bf3c42807f4f7d11f983cbd0ad3a7bb60c60fceec2141c2df7ecdac03,8,Tencent,False,20190403
0000716bf3c42807f4f7d11f983cbd0ad3a7bb60c60fceec2141c2df7ecdac03,8,Yandex,False,20190402
0000716bf3c42807f4f7d11f983cbd0ad3a7bb60c60fceec2141c2df7ecdac03,8,MAX,False,20190403
0000716bf3c42807f4f7d11f983cbd0ad3a7bb60c60fceec2141c2df7ecdac03,8,Fortinet,False,20190403
0000716bf3c42807f4f7d11f983cbd0ad3a7bb60c60fceec2141c2df7ecdac03,8,AVG,False,20190403
0000716bf3c42807f4f7d11f983cbd0ad3a7bb60c60fceec2141c2df7ecdac03,8,Panda,False,20190402
0000716bf3c42807f4f7d11f983cbd0ad3a7bb60c60fceec2141c2df7ecdac03,8,Qihoo-360,False,20190403
000080c1f8fd8cd4a208469e5b21518f0106c33ffe21367acb128887ea2a5974,6,Bkav,False,20190124
000080c1f8fd8cd4a208469e5b21518f0106c33ffe21367acb128887ea2a5974,6,MicroWorld-eScan,False,20190124
000080c1f8fd8cd4a208469e5b21518f0106c33ffe21367acb128887ea2a5974,6,CMC,False,20190124
000080c1f8fd8cd4a208469e5b21518f0106c33ffe21367acb128887ea2a5974,6,CAT-QuickHeal,False,20190123
000080c1f8fd8cd4a208469e5b21518f0106c33ffe21367acb128887ea2a5974,6,McAfee,False,20190124
000080c1f8fd8cd4a208469e5b21518f0106c33ffe21367acb128887ea2a5974,6,Malwarebytes,False,20190124
000080c1f8fd8cd4a208469e5b21518f0106c33ffe21367acb128887ea2a5974,6,AegisLab,False,20190124
000080c1f8fd8cd4a208469e5b21518f0106c33ffe21367acb128887ea2a5974,6,Trustlook,True,20190124
000080c1f8fd8cd4a208469e5b21518f0106c33ffe21367acb128887ea2a5974,6,BitDefender,False,20190124
000080c1f8fd8cd4a208469e5b21518f0106c33ffe21367acb128887ea2a5974,6,K7GW,False,20190124
000080c1f8fd8cd4a208469e5b21518f0106c33ffe21367acb128887ea2a5974,6,K7AntiVirus,False,20190124
000080c1f8fd8cd4a208469e5b21518f0106c33ffe21367acb128887ea2a5974,6,TheHacker,False,20190118
000080c1f8fd8cd4a208469e5b21518f0106c33ffe21367acb128887ea2a5974,6,Baidu,False,20190124
000080c1f8fd8cd4a208469e5b21518f0106c33ffe21367acb128887ea2a5974,6,NANO-Antivirus,False,20190124
000080c1f8fd8cd4a208469e5b21518f0106c33ffe21367acb128887ea2a5974,6,F-Prot,False,20190124
000080c1f8fd8cd4a208469e5b21518f0106c33ffe21367acb128887ea2a5974,6,Symantec,False,20190124
000080c1f8fd8cd4a208469e5b21518f0106c33ffe21367acb128887ea2a5974,6,ESET-NOD32,True,20190124
000080c1f8fd8cd4a208469e5b21518f0106c33ffe21367acb128887ea2a5974,6,TrendMicro-HouseCall,False,20190124
000080c1f8fd8cd4a208469e5b21518f0106c33ffe21367acb128887ea2a5974,6,Avast,False,20190124
000080c1f8fd8cd4a208469e5b21518f0106c33ffe21367acb128887ea2a5974,6,ClamAV,False,20190124
000080c1f8fd8cd4a208469e5b21518f0106c33ffe21367acb128887ea2a5974,6,GData,False,20190124
000080c1f8fd8cd4a208469e5b21518f0106c33ffe21367acb128887ea2a5974,6,Kaspersky,False,20190124
000080c1f8fd8cd4a208469e5b21518f0106c33ffe21367acb128887ea2a5974,6,Alibaba,False,20180921
000080c1f8fd8cd4a208469e5b21518f0106c33ffe21367acb128887ea2a5974,6,Babable,True,20180918
000080c1f8fd8cd4a208469e5b21518f0106c33ffe21367acb128887ea2a5974,6,ViRobot,False,20190124
000080c1f8fd8cd4a208469e5b21518f0106c33ffe21367acb128887ea2a5974,6,Rising,False,20190124
000080c1f8fd8cd4a208469e5b21518f0106c33ffe21367acb128887ea2a5974,6,Ad-Aware,False,20190124
000080c1f8fd8cd4a208469e5b21518f0106c33ffe21367acb128887ea2a5974,6,Sophos,False,20190124
000080c1f8fd8cd4a208469e5b21518f0106c33ffe21367acb128887ea2a5974,6,Comodo,False,20190124
000080c1f8fd8cd4a208469e5b21518f0106c33ffe21367acb128887ea2a5974,6,F-Secure,False,20190124
000080c1f8fd8cd4a208469e5b21518f0106c33ffe21367acb128887ea2a5974,6,Zillya,False,20190123
000080c1f8fd8cd4a208469e5b21518f0106c33ffe21367acb128887ea2a5974,6,TrendMicro,False,20190124
000080c1f8fd8cd4a208469e5b21518f0106c33ffe21367acb128887ea2a5974,6,McAfee-GW-Edition,False,20190124
000080c1f8fd8cd4a208469e5b21518f0106c33ffe21367acb128887ea2a5974,6,Emsisoft,False,20190124
000080c1f8fd8cd4a208469e5b21518f0106c33ffe21367acb128887ea2a5974,6,Ikarus,True,20190124
000080c1f8fd8cd4a208469e5b21518f0106c33ffe21367acb128887ea2a5974,6,Cyren,True,20190124
000080c1f8fd8cd4a208469e5b21518f0106c33ffe21367acb128887ea2a5974,6,Jiangmin,False,20190124
000080c1f8fd8cd4a208469e5b21518f0106c33ffe21367acb128887ea2a5974,6,Avira,False,20190124
000080c1f8fd8cd4a208469e5b21518f0106c33ffe21367acb128887ea2a5974,6,Antiy-AVL,False,20190124
000080c1f8fd8cd4a208469e5b21518f0106c33ffe21367acb128887ea2a5974,6,Kingsoft,False,20190124
000080c1f8fd8cd4a208469e5b21518f0106c33ffe21367acb128887ea2a5974,6,Microsoft,False,20190124
000080c1f8fd8cd4a208469e5b21518f0106c33ffe21367acb128887ea2a5974,6,Arcabit,False,20190124
000080c1f8fd8cd4a208469e5b21518f0106c33ffe21367acb128887ea2a5974,6,SUPERAntiSpyware,False,20190123
000080c1f8fd8cd4a208469e5b21518f0106c33ffe21367acb128887ea2a5974,6,AhnLab-V3,False,20190124
000080c1f8fd8cd4a208469e5b21518f0106c33ffe21367acb128887ea2a5974,6,ZoneAlarm,False,20190124
000080c1f8fd8cd4a208469e5b21518f0106c33ffe21367acb128887ea2a5974,6,Avast-Mobile,False,20190124
000080c1f8fd8cd4a208469e5b21518f0106c33ffe21367acb128887ea2a5974,6,TotalDefense,False,20190124
000080c1f8fd8cd4a208469e5b21518f0106c33ffe21367acb128887ea2a5974,6,ALYac,False,20190124
000080c1f8fd8cd4a208469e5b21518f0106c33ffe21367acb128887ea2a5974,6,AVware,False,20180925
000080c1f8fd8cd4a208469e5b21518f0106c33ffe21367acb128887ea2a5974,6,TACHYON,False,20190124
000080c1f8fd8cd4a208469e5b21518f0106c33ffe21367acb128887ea2a5974,6,VBA32,False,20190124
000080c1f8fd8cd4a208469e5b21518f0106c33ffe21367acb128887ea2a5974,6,Zoner,False,20190123
000080c1f8fd8cd4a208469e5b21518f0106c33ffe21367acb128887ea2a5974,6,Tencent,True,20190124
000080c1f8fd8cd4a208469e5b21518f0106c33ffe21367acb128887ea2a5974,6,Yandex,False,20190124
000080c1f8fd8cd4a208469e5b21518f0106c33ffe21367acb128887ea2a5974,6,MAX,False,20190124
000080c1f8fd8cd4a208469e5b21518f0106c33ffe21367acb128887ea2a5974,6,Fortinet,False,20190124
000080c1f8fd8cd4a208469e5b21518f0106c33ffe21367acb128887ea2a5974,6,AVG,False,20190124
000080c1f8fd8cd4a208469e5b21518f0106c33ffe21367acb128887ea2a5974,6,Panda,False,20190123
000080c1f8fd8cd4a208469e5b21518f0106c33ffe21367acb128887ea2a5974,6,Qihoo-360,False,20190124
0000fb9153e00d6e2c8cf6a2b82d8b0f1c828080fdeb575dc600a5a49d045f5f,24,MicroWorld-eScan,True,20170612
0000fb9153e00d6e2c8cf6a2b82d8b0f1c828080fdeb575dc600a5a49d045f5f,24,nProtect,False,20170612
0000fb9153e00d6e2c8cf6a2b82d8b0f1c828080fdeb575dc600a5a49d045f5f,24,CMC,False,20170612
0000fb9153e00d6e2c8cf6a2b82d8b0f1c828080fdeb575dc600a5a49d045f5f,24,CAT-QuickHeal,True,20170612
0000fb9153e00d6e2c8cf6a2b82d8b0f1c828080fdeb575dc600a5a49d045f5f,24,ALYac,False,20170612
0000fb9153e00d6e2c8cf6a2b82d8b0f1c828080fdeb575dc600a5a49d045f5f,24,Malwarebytes,False,20170612
0000fb9153e00d6e2c8cf6a2b82d8b0f1c828080fdeb575dc600a5a49d045f5f,24,VIPRE,False,20170612
0000fb9153e00d6e2c8cf6a2b82d8b0f1c828080fdeb575dc600a5a49d045f5f,24,SUPERAntiSpyware,False,20170612
0000fb9153e00d6e2c8cf6a2b82d8b0f1c828080fdeb575dc600a5a49d045f5f,24,Trustlook,False,20170612
0000fb9153e00d6e2c8cf6a2b82d8b0f1c828080fdeb575dc600a5a49d045f5f,24,Alibaba,False,20170612
0000fb9153e00d6e2c8cf6a2b82d8b0f1c828080fdeb575dc600a5a49d045f5f,24,K7GW,True,20170612
0000fb9153e00d6e2c8cf6a2b82d8b0f1c828080fdeb575dc600a5a49d045f5f,24,K7AntiVirus,False,20170612
0000fb9153e00d6e2c8cf6a2b82d8b0f1c828080fdeb575dc600a5a49d045f5f,24,TheHacker,False,20170612
0000fb9153e00d6e2c8cf6a2b82d8b0f1c828080fdeb575dc600a5a49d045f5f,24,Baidu,False,20170608
0000fb9153e00d6e2c8cf6a2b82d8b0f1c828080fdeb575dc600a5a49d045f5f,24,F-Prot,False,20170612
0000fb9153e00d6e2c8cf6a2b82d8b0f1c828080fdeb575dc600a5a49d045f5f,24,SymantecMobileInsight,True,20170608
0000fb9153e00d6e2c8cf6a2b82d8b0f1c828080fdeb575dc600a5a49d045f5f,24,Symantec,True,20170612
0000fb9153e00d6e2c8cf6a2b82d8b0f1c828080fdeb575dc600a5a49d045f5f,24,TotalDefense,False,20170612
0000fb9153e00d6e2c8cf6a2b82d8b0f1c828080fdeb575dc600a5a49d045f5f,24,Zoner,False,20170612
0000fb9153e00d6e2c8cf6a2b82d8b0f1c828080fdeb575dc600a5a49d045f5f,24,TrendMicro-HouseCall,False,20170612
0000fb9153e00d6e2c8cf6a2b82d8b0f1c828080fdeb575dc600a5a49d045f5f,24,Avast,False,20170612
0000fb9153e00d6e2c8cf6a2b82d8b0f1c828080fdeb575dc600a5a49d045f5f,24,ClamAV,True,20170612
0000fb9153e00d6e2c8cf6a2b82d8b0f1c828080fdeb575dc600a5a49d045f5f,24,Kaspersky,True,20170612
0000fb9153e00d6e2c8cf6a2b82d8b0f1c828080fdeb575dc600a5a49d045f5f,24,BitDefender,True,20170612
0000fb9153e00d6e2c8cf6a2b82d8b0f1c828080fdeb575dc600a5a49d045f5f,24,NANO-Antivirus,True,20170612
0000fb9153e00d6e2c8cf6a2b82d8b0f1c828080fdeb575dc600a5a49d045f5f,24,AegisLab,True,20170612
0000fb9153e00d6e2c8cf6a2b82d8b0f1c828080fdeb575dc600a5a49d045f5f,24,Tencent,False,20170612
0000fb9153e00d6e2c8cf6a2b82d8b0f1c828080fdeb575dc600a5a49d045f5f,24,Ad-Aware,True,20170612
0000fb9153e00d6e2c8cf6a2b82d8b0f1c828080fdeb575dc600a5a49d045f5f,24,Sophos,False,20170612
0000fb9153e00d6e2c8cf6a2b82d8b0f1c828080fdeb575dc600a5a49d045f5f,24,Comodo,False,20170612
0000fb9153e00d6e2c8cf6a2b82d8b0f1c828080fdeb575dc600a5a49d045f5f,24,F-Secure,True,20170612
0000fb9153e00d6e2c8cf6a2b82d8b0f1c828080fdeb575dc600a5a49d045f5f,24,DrWeb,False,20170612
0000fb9153e00d6e2c8cf6a2b82d8b0f1c828080fdeb575dc600a5a49d045f5f,24,Zillya,False,20170610
0000fb9153e00d6e2c8cf6a2b82d8b0f1c828080fdeb575dc600a5a49d045f5f,24,TrendMicro,False,20170612
0000fb9153e00d6e2c8cf6a2b82d8b0f1c828080fdeb575dc600a5a49d045f5f,24,McAfee-GW-Edition,True,20170611
0000fb9153e00d6e2c8cf6a2b82d8b0f1c828080fdeb575dc600a5a49d045f5f,24,Emsisoft,True,20170612
0000fb9153e00d6e2c8cf6a2b82d8b0f1c828080fdeb575dc600a5a49d045f5f,24,Cyren,True,20170612
0000fb9153e00d6e2c8cf6a2b82d8b0f1c828080fdeb575dc600a5a49d045f5f,24,Jiangmin,True,20170612
0000fb9153e00d6e2c8cf6a2b82d8b0f1c828080fdeb575dc600a5a49d045f5f,24,Webroot,False,20170612
0000fb9153e00d6e2c8cf6a2b82d8b0f1c828080fdeb575dc600a5a49d045f5f,24,Avira,False,20170612
0000fb9153e00d6e2c8cf6a2b82d8b0f1c828080fdeb575dc600a5a49d045f5f,24,Kingsoft,False,20170612
0000fb9153e00d6e2c8cf6a2b82d8b0f1c828080fdeb575dc600a5a49d045f5f,24,Microsoft,False,20170612
0000fb9153e00d6e2c8cf6a2b82d8b0f1c828080fdeb575dc600a5a49d045f5f,24,ViRobot,False,20170612
0000fb9153e00d6e2c8cf6a2b82d8b0f1c828080fdeb575dc600a5a49d045f5f,24,ZoneAlarm,True,20170612
0000fb9153e00d6e2c8cf6a2b82d8b0f1c828080fdeb575dc600a5a49d045f5f,24,GData,True,20170612
0000fb9153e00d6e2c8cf6a2b82d8b0f1c828080fdeb575dc600a5a49d045f5f,24,AhnLab-V3,False,20170612
0000fb9153e00d6e2c8cf6a2b82d8b0f1c828080fdeb575dc600a5a49d045f5f,24,McAfee,True,20170612
0000fb9153e00d6e2c8cf6a2b82d8b0f1c828080fdeb575dc600a5a49d045f5f,24,AVware,False,20170612
0000fb9153e00d6e2c8cf6a2b82d8b0f1c828080fdeb575dc600a5a49d045f5f,24,VBA32,False,20170612
0000fb9153e00d6e2c8cf6a2b82d8b0f1c828080fdeb575dc600a5a49d045f5f,24,WhiteArmor,True,20170608
0000fb9153e00d6e2c8cf6a2b82d8b0f1c828080fdeb575dc600a5a49d045f5f,24,Arcabit,True,20170612
0000fb9153e00d6e2c8cf6a2b82d8b0f1c828080fdeb575dc600a5a49d045f5f,24,ESET-NOD32,True,20170612
0000fb9153e00d6e2c8cf6a2b82d8b0f1c828080fdeb575dc600a5a49d045f5f,24,Rising,False,20170610
0000fb9153e00d6e2c8cf6a2b82d8b0f1c828080fdeb575dc600a5a49d045f5f,24,Yandex,False,20170608
0000fb9153e00d6e2c8cf6a2b82d8b0f1c828080fdeb575dc600a5a49d045f5f,24,Ikarus,False,20170612
0000fb9153e00d6e2c8cf6a2b82d8b0f1c828080fdeb575dc600a5a49d045f5f,24,Fortinet,True,20170612
0000fb9153e00d6e2c8cf6a2b82d8b0f1c828080fdeb575dc600a5a49d045f5f,24,AVG,False,20170612
0000fb9153e00d6e2c8cf6a2b82d8b0f1c828080fdeb575dc600a5a49d045f5f,24,Panda,False,20170611
0000fb9153e00d6e2c8cf6a2b82d8b0f1c828080fdeb575dc600a5a49d045f5f,24,Qihoo-360,True,20170612
00001ac7364e668f1ddc9906887edf0c8f7230830b864db6179075ac9c0a6892,9,Bkav,False,20190508
00001ac7364e668f1ddc9906887edf0c8f7230830b864db6179075ac9c0a6892,9,MicroWorld-eScan,False,20190509
00001ac7364e668f1ddc9906887edf0c8f7230830b864db6179075ac9c0a6892,9,CMC,False,20190321
00001ac7364e668f1ddc9906887edf0c8f7230830b864db6179075ac9c0a6892,9,CAT-QuickHeal,True,20190507
00001ac7364e668f1ddc9906887edf0c8f7230830b864db6179075ac9c0a6892,9,McAfee,False,20190503
00001ac7364e668f1ddc9906887edf0c8f7230830b864db6179075ac9c0a6892,9,Malwarebytes,False,20190509
00001ac7364e668f1ddc9906887edf0c8f7230830b864db6179075ac9c0a6892,9,SUPERAntiSpyware,False,20190507
00001ac7364e668f1ddc9906887edf0c8f7230830b864db6179075ac9c0a6892,9,TheHacker,False,20190506
00001ac7364e668f1ddc9906887edf0c8f7230830b864db6179075ac9c0a6892,9,Alibaba,False,20190426
00001ac7364e668f1ddc9906887edf0c8f7230830b864db6179075ac9c0a6892,9,K7GW,True,20190509
00001ac7364e668f1ddc9906887edf0c8f7230830b864db6179075ac9c0a6892,9,K7AntiVirus,False,20190508
00001ac7364e668f1ddc9906887edf0c8f7230830b864db6179075ac9c0a6892,9,Baidu,False,20190318
00001ac7364e668f1ddc9906887edf0c8f7230830b864db6179075ac9c0a6892,9,NANO-Antivirus,False,20190509
00001ac7364e668f1ddc9906887edf0c8f7230830b864db6179075ac9c0a6892,9,F-Prot,False,20190509
00001ac7364e668f1ddc9906887edf0c8f7230830b864db6179075ac9c0a6892,9,SymantecMobileInsight,True,20190506
00001ac7364e668f1ddc9906887edf0c8f7230830b864db6179075ac9c0a6892,9,Symantec,False,20190508
00001ac7364e668f1ddc9906887edf0c8f7230830b864db6179075ac9c0a6892,9,TotalDefense,False,20190508
00001ac7364e668f1ddc9906887edf0c8f7230830b864db6179075ac9c0a6892,9,TrendMicro-HouseCall,False,20190509
00001ac7364e668f1ddc9906887edf0c8f7230830b864db6179075ac9c0a6892,9,Avast,False,20190509
00001ac7364e668f1ddc9906887edf0c8f7230830b864db6179075ac9c0a6892,9,ClamAV,False,20190508
00001ac7364e668f1ddc9906887edf0c8f7230830b864db6179075ac9c0a6892,9,GData,False,20190509
00001ac7364e668f1ddc9906887edf0c8f7230830b864db6179075ac9c0a6892,9,Kaspersky,True,20190509
00001ac7364e668f1ddc9906887edf0c8f7230830b864db6179075ac9c0a6892,9,BitDefender,False,20190509
00001ac7364e668f1ddc9906887edf0c8f7230830b864db6179075ac9c0a6892,9,Babable,False,20190424
00001ac7364e668f1ddc9906887edf0c8f7230830b864db6179075ac9c0a6892,9,AegisLab,True,20190509
00001ac7364e668f1ddc9906887edf0c8f7230830b864db6179075ac9c0a6892,9,Tencent,False,20190509
00001ac7364e668f1ddc9906887edf0c8f7230830b864db6179075ac9c0a6892,9,Ad-Aware,False,20190509
00001ac7364e668f1ddc9906887edf0c8f7230830b864db6179075ac9c0a6892,9,Trustlook,False,20190509
00001ac7364e668f1ddc9906887edf0c8f7230830b864db6179075ac9c0a6892,9,Emsisoft,False,20190509
00001ac7364e668f1ddc9906887edf0c8f7230830b864db6179075ac9c0a6892,9,Comodo,False,20190509
00001ac7364e668f1ddc9906887edf0c8f7230830b864db6179075ac9c0a6892,9,F-Secure,False,20190510
00001ac7364e668f1ddc9906887edf0c8f7230830b864db6179075ac9c0a6892,9,DrWeb,False,20190509
00001ac7364e668f1ddc9906887edf0c8f7230830b864db6179075ac9c0a6892,9,Zillya,False,20190508
00001ac7364e668f1ddc9906887edf0c8f7230830b864db6179075ac9c0a6892,9,TrendMicro,False,20190509
00001ac7364e668f1ddc9906887edf0c8f7230830b864db6179075ac9c0a6892,9,McAfee-GW-Edition,False,20190508
00001ac7364e668f1ddc9906887edf0c8f7230830b864db6179075ac9c0a6892,9,FireEye,False,20190509
00001ac7364e668f1ddc9906887edf0c8f7230830b864db6179075ac9c0a6892,9,Sophos,True,20190509
00001ac7364e668f1ddc9906887edf0c8f7230830b864db6179075ac9c0a6892,9,Cyren,False,20190509
00001ac7364e668f1ddc9906887edf0c8f7230830b864db6179075ac9c0a6892,9,Jiangmin,False,20190509
00001ac7364e668f1ddc9906887edf0c8f7230830b864db6179075ac9c0a6892,9,Avira,False,20190509
00001ac7364e668f1ddc9906887edf0c8f7230830b864db6179075ac9c0a6892,9,MAX,False,20190509
00001ac7364e668f1ddc9906887edf0c8f7230830b864db6179075ac9c0a6892,9,Antiy-AVL,False,20190509
00001ac7364e668f1ddc9906887edf0c8f7230830b864db6179075ac9c0a6892,9,Kingsoft,False,20190509
00001ac7364e668f1ddc9906887edf0c8f7230830b864db6179075ac9c0a6892,9,Arcabit,False,20190509
00001ac7364e668f1ddc9906887edf0c8f7230830b864db6179075ac9c0a6892,9,ViRobot,False,20190508
00001ac7364e668f1ddc9906887edf0c8f7230830b864db6179075ac9c0a6892,9,ZoneAlarm,True,20190509
00001ac7364e668f1ddc9906887edf0c8f7230830b864db6179075ac9c0a6892,9,Avast-Mobile,False,20190508
00001ac7364e668f1ddc9906887edf0c8f7230830b864db6179075ac9c0a6892,9,Microsoft,False,20190509
00001ac7364e668f1ddc9906887edf0c8f7230830b864db6179075ac9c0a6892,9,AhnLab-V3,False,20190508
00001ac7364e668f1ddc9906887edf0c8f7230830b864db6179075ac9c0a6892,9,VBA32,False,20190504
00001ac7364e668f1ddc9906887edf0c8f7230830b864db6179075ac9c0a6892,9,ALYac,False,20190509
00001ac7364e668f1ddc9906887edf0c8f7230830b864db6179075ac9c0a6892,9,TACHYON,False,20190509
00001ac7364e668f1ddc9906887edf0c8f7230830b864db6179075ac9c0a6892,9,Zoner,False,20190508
00001ac7364e668f1ddc9906887edf0c8f7230830b864db6179075ac9c0a6892,9,ESET-NOD32,True,20190509
00001ac7364e668f1ddc9906887edf0c8f7230830b864db6179075ac9c0a6892,9,Rising,False,20190509
00001ac7364e668f1ddc9906887edf0c8f7230830b864db6179075ac9c0a6892,9,Yandex,False,20190501
00001ac7364e668f1ddc9906887edf0c8f7230830b864db6179075ac9c0a6892,9,Ikarus,True,20190508
00001ac7364e668f1ddc9906887edf0c8f7230830b864db6179075ac9c0a6892,9,Fortinet,False,20190509
00001ac7364e668f1ddc9906887edf0c8f7230830b864db6179075ac9c0a6892,9,AVG,False,20190509
00001ac7364e668f1ddc9906887edf0c8f7230830b864db6179075ac9c0a6892,9,Panda,False,20190508
00001ac7364e668f1ddc9906887edf0c8f7230830b864db6179075ac9c0a6892,9,Qihoo-360,False,20190509
00009c58545b6b6fa22f5c2be900abb1b4029acf7ac57196d97fd1c0298886e2,8,Bkav,False,20191130
00009c58545b6b6fa22f5c2be900abb1b4029acf7ac57196d97fd1c0298886e2,8,DrWeb,False,20191201
00009c58545b6b6fa22f5c2be900abb1b4029acf7ac57196d97fd1c0298886e2,8,MicroWorld-eScan,False,20191201
00009c58545b6b6fa22f5c2be900abb1b4029acf7ac57196d97fd1c0298886e2,8,FireEye,False,20191201
00009c58545b6b6fa22f5c2be900abb1b4029acf7ac57196d97fd1c0298886e2,8,CAT-QuickHeal,False,20191130
00009c58545b6b6fa22f5c2be900abb1b4029acf7ac57196d97fd1c0298886e2,8,ALYac,False,20191201
00009c58545b6b6fa22f5c2be900abb1b4029acf7ac57196d97fd1c0298886e2,8,Malwarebytes,False,20191201
00009c58545b6b6fa22f5c2be900abb1b4029acf7ac57196d97fd1c0298886e2,8,VIPRE,False,20191201
00009c58545b6b6fa22f5c2be900abb1b4029acf7ac57196d97fd1c0298886e2,8,AegisLab,False,20191201
00009c58545b6b6fa22f5c2be900abb1b4029acf7ac57196d97fd1c0298886e2,8,Sangfor,False,20191031
00009c58545b6b6fa22f5c2be900abb1b4029acf7ac57196d97fd1c0298886e2,8,Trustlook,False,20191201
00009c58545b6b6fa22f5c2be900abb1b4029acf7ac57196d97fd1c0298886e2,8,BitDefender,False,20191201
00009c58545b6b6fa22f5c2be900abb1b4029acf7ac57196d97fd1c0298886e2,8,K7GW,True,20191201
00009c58545b6b6fa22f5c2be900abb1b4029acf7ac57196d97fd1c0298886e2,8,K7AntiVirus,False,20191201
00009c58545b6b6fa22f5c2be900abb1b4029acf7ac57196d97fd1c0298886e2,8,Arcabit,False,20191201
00009c58545b6b6fa22f5c2be900abb1b4029acf7ac57196d97fd1c0298886e2,8,BitDefenderTheta,False,20191125
00009c58545b6b6fa22f5c2be900abb1b4029acf7ac57196d97fd1c0298886e2,8,Cyren,True,20191201
00009c58545b6b6fa22f5c2be900abb1b4029acf7ac57196d97fd1c0298886e2,8,SymantecMobileInsight,True,20191030
00009c58545b6b6fa22f5c2be900abb1b4029acf7ac57196d97fd1c0298886e2,8,Symantec,False,20191130
00009c58545b6b6fa22f5c2be900abb1b4029acf7ac57196d97fd1c0298886e2,8,ESET-NOD32,True,20191130
00009c58545b6b6fa22f5c2be900abb1b4029acf7ac57196d97fd1c0298886e2,8,TrendMicro-HouseCall,False,20191201
00009c58545b6b6fa22f5c2be900abb1b4029acf7ac57196d97fd1c0298886e2,8,Avast,False,20191201
00009c58545b6b6fa22f5c2be900abb1b4029acf7ac57196d97fd1c0298886e2,8,ClamAV,False,20191130
00009c58545b6b6fa22f5c2be900abb1b4029acf7ac57196d97fd1c0298886e2,8,Kaspersky,False,20191201
00009c58545b6b6fa22f5c2be900abb1b4029acf7ac57196d97fd1c0298886e2,8,Alibaba,False,20190527
00009c58545b6b6fa22f5c2be900abb1b4029acf7ac57196d97fd1c0298886e2,8,NANO-Antivirus,False,20191201
00009c58545b6b6fa22f5c2be900abb1b4029acf7ac57196d97fd1c0298886e2,8,ViRobot,False,20191130
00009c58545b6b6fa22f5c2be900abb1b4029acf7ac57196d97fd1c0298886e2,8,Rising,False,20191201
00009c58545b6b6fa22f5c2be900abb1b4029acf7ac57196d97fd1c0298886e2,8,Ad-Aware,False,20191201
00009c58545b6b6fa22f5c2be900abb1b4029acf7ac57196d97fd1c0298886e2,8,Sophos,False,20191201
00009c58545b6b6fa22f5c2be900abb1b4029acf7ac57196d97fd1c0298886e2,8,Comodo,True,20191201
00009c58545b6b6fa22f5c2be900abb1b4029acf7ac57196d97fd1c0298886e2,8,F-Secure,False,20191201
00009c58545b6b6fa22f5c2be900abb1b4029acf7ac57196d97fd1c0298886e2,8,Baidu,False,20190318
00009c58545b6b6fa22f5c2be900abb1b4029acf7ac57196d97fd1c0298886e2,8,Zillya,False,20191129
00009c58545b6b6fa22f5c2be900abb1b4029acf7ac57196d97fd1c0298886e2,8,TrendMicro,False,20191201
00009c58545b6b6fa22f5c2be900abb1b4029acf7ac57196d97fd1c0298886e2,8,McAfee-GW-Edition,False,20191201
00009c58545b6b6fa22f5c2be900abb1b4029acf7ac57196d97fd1c0298886e2,8,CMC,False,20190321
00009c58545b6b6fa22f5c2be900abb1b4029acf7ac57196d97fd1c0298886e2,8,Emsisoft,False,20191031
00009c58545b6b6fa22f5c2be900abb1b4029acf7ac57196d97fd1c0298886e2,8,SentinelOne,False,20191118
00009c58545b6b6fa22f5c2be900abb1b4029acf7ac57196d97fd1c0298886e2,8,F-Prot,False,20191201
00009c58545b6b6fa22f5c2be900abb1b4029acf7ac57196d97fd1c0298886e2,8,Jiangmin,False,20191201
00009c58545b6b6fa22f5c2be900abb1b4029acf7ac57196d97fd1c0298886e2,8,Avira,False,20191201
00009c58545b6b6fa22f5c2be900abb1b4029acf7ac57196d97fd1c0298886e2,8,Kingsoft,False,20191201
00009c58545b6b6fa22f5c2be900abb1b4029acf7ac57196d97fd1c0298886e2,8,Microsoft,False,20191201
00009c58545b6b6fa22f5c2be900abb1b4029acf7ac57196d97fd1c0298886e2,8,SUPERAntiSpyware,False,20191129
00009c58545b6b6fa22f5c2be900abb1b4029acf7ac57196d97fd1c0298886e2,8,AhnLab-V3,False,20191130
00009c58545b6b6fa22f5c2be900abb1b4029acf7ac57196d97fd1c0298886e2,8,ZoneAlarm,False,20191201
00009c58545b6b6fa22f5c2be900abb1b4029acf7ac57196d97fd1c0298886e2,8,Avast-Mobile,False,20191128
00009c58545b6b6fa22f5c2be900abb1b4029acf7ac57196d97fd1c0298886e2,8,GData,False,20191201
00009c58545b6b6fa22f5c2be900abb1b4029acf7ac57196d97fd1c0298886e2,8,TACHYON,False,20191130
00009c58545b6b6fa22f5c2be900abb1b4029acf7ac57196d97fd1c0298886e2,8,TotalDefense,False,20191130
00009c58545b6b6fa22f5c2be900abb1b4029acf7ac57196d97fd1c0298886e2,8,McAfee,False,20191201
00009c58545b6b6fa22f5c2be900abb1b4029acf7ac57196d97fd1c0298886e2,8,MAX,False,20191201
00009c58545b6b6fa22f5c2be900abb1b4029acf7ac57196d97fd1c0298886e2,8,VBA32,False,20191129
00009c58545b6b6fa22f5c2be900abb1b4029acf7ac57196d97fd1c0298886e2,8,Zoner,False,20191130
00009c58545b6b6fa22f5c2be900abb1b4029acf7ac57196d97fd1c0298886e2,8,Tencent,False,20191201
00009c58545b6b6fa22f5c2be900abb1b4029acf7ac57196d97fd1c0298886e2,8,Yandex,True,20191128
00009c58545b6b6fa22f5c2be900abb1b4029acf7ac57196d97fd1c0298886e2,8,Ikarus,True,20191130
00009c58545b6b6fa22f5c2be900abb1b4029acf7ac57196d97fd1c0298886e2,8,Fortinet,True,20191201
00009c58545b6b6fa22f5c2be900abb1b4029acf7ac57196d97fd1c0298886e2,8,AVG,False,20191201
00009c58545b6b6fa22f5c2be900abb1b4029acf7ac57196d97fd1c0298886e2,8,Panda,False,20191130
00009c58545b6b6fa22f5c2be900abb1b4029acf7ac57196d97fd1c0298886e2,8,Qihoo-360,False,20191201
0000237117863e534ceec544bc9460f09b542d48260c2e045174d03e65ad5c28,30,Bkav,False,20181005
0000237117863e534ceec544bc9460f09b542d48260c2e045174d03e65ad5c28,30,TotalDefense,False,20181007
0000237117863e534ceec544bc9460f09b542d48260c2e045174d03e65ad5c28,30,MicroWorld-eScan,True,20181007
0000237117863e534ceec544bc9460f09b542d48260c2e045174d03e65ad5c28,30,CMC,False,20181007
0000237117863e534ceec544bc9460f09b542d48260c2e045174d03e65ad5c28,30,CAT-QuickHeal,True,20181007
0000237117863e534ceec544bc9460f09b542d48260c2e045174d03e65ad5c28,30,McAfee,True,20181008
0000237117863e534ceec544bc9460f09b542d48260c2e045174d03e65ad5c28,30,Malwarebytes,False,20181008
0000237117863e534ceec544bc9460f09b542d48260c2e045174d03e65ad5c28,30,Zillya,False,20181005
0000237117863e534ceec544bc9460f09b542d48260c2e045174d03e65ad5c28,30,TheHacker,False,20181001
0000237117863e534ceec544bc9460f09b542d48260c2e045174d03e65ad5c28,30,BitDefender,True,20181008
0000237117863e534ceec544bc9460f09b542d48260c2e045174d03e65ad5c28,30,K7GW,False,20181007
0000237117863e534ceec544bc9460f09b542d48260c2e045174d03e65ad5c28,30,K7AntiVirus,False,20181007
0000237117863e534ceec544bc9460f09b542d48260c2e045174d03e65ad5c28,30,Baidu,True,20180930
0000237117863e534ceec544bc9460f09b542d48260c2e045174d03e65ad5c28,30,NANO-Antivirus,True,20181008
0000237117863e534ceec544bc9460f09b542d48260c2e045174d03e65ad5c28,30,Cyren,True,20181008
0000237117863e534ceec544bc9460f09b542d48260c2e045174d03e65ad5c28,30,SymantecMobileInsight,True,20181001
0000237117863e534ceec544bc9460f09b542d48260c2e045174d03e65ad5c28,30,Symantec,True,20181007
0000237117863e534ceec544bc9460f09b542d48260c2e045174d03e65ad5c28,30,ESET-NOD32,True,20181008
0000237117863e534ceec544bc9460f09b542d48260c2e045174d03e65ad5c28,30,TrendMicro-HouseCall,False,20181008
0000237117863e534ceec544bc9460f09b542d48260c2e045174d03e65ad5c28,30,Avast,False,20181008
0000237117863e534ceec544bc9460f09b542d48260c2e045174d03e65ad5c28,30,ClamAV,False,20181008
0000237117863e534ceec544bc9460f09b542d48260c2e045174d03e65ad5c28,30,GData,True,20181008
0000237117863e534ceec544bc9460f09b542d48260c2e045174d03e65ad5c28,30,Kaspersky,True,20181008
0000237117863e534ceec544bc9460f09b542d48260c2e045174d03e65ad5c28,30,Alibaba,False,20180921
0000237117863e534ceec544bc9460f09b542d48260c2e045174d03e65ad5c28,30,Babable,True,20180918
0000237117863e534ceec544bc9460f09b542d48260c2e045174d03e65ad5c28,30,ViRobot,False,20181007
0000237117863e534ceec544bc9460f09b542d48260c2e045174d03e65ad5c28,30,AegisLab,True,20181008
0000237117863e534ceec544bc9460f09b542d48260c2e045174d03e65ad5c28,30,Tencent,True,20181008
0000237117863e534ceec544bc9460f09b542d48260c2e045174d03e65ad5c28,30,Ad-Aware,True,20181008
0000237117863e534ceec544bc9460f09b542d48260c2e045174d03e65ad5c28,30,Trustlook,True,20181008
0000237117863e534ceec544bc9460f09b542d48260c2e045174d03e65ad5c28,30,Sophos,True,20181008
0000237117863e534ceec544bc9460f09b542d48260c2e045174d03e65ad5c28,30,Comodo,False,20181008
0000237117863e534ceec544bc9460f09b542d48260c2e045174d03e65ad5c28,30,F-Secure,False,20181008
0000237117863e534ceec544bc9460f09b542d48260c2e045174d03e65ad5c28,30,DrWeb,False,20181008
0000237117863e534ceec544bc9460f09b542d48260c2e045174d03e65ad5c28,30,VIPRE,False,20181008
0000237117863e534ceec544bc9460f09b542d48260c2e045174d03e65ad5c28,30,TrendMicro,False,20181007
0000237117863e534ceec544bc9460f09b542d48260c2e045174d03e65ad5c28,30,McAfee-GW-Edition,True,20181008
0000237117863e534ceec544bc9460f09b542d48260c2e045174d03e65ad5c28,30,Emsisoft,True,20181008
0000237117863e534ceec544bc9460f09b542d48260c2e045174d03e65ad5c28,30,F-Prot,False,20181008
0000237117863e534ceec544bc9460f09b542d48260c2e045174d03e65ad5c28,30,Jiangmin,False,20181008
0000237117863e534ceec544bc9460f09b542d48260c2e045174d03e65ad5c28,30,Avira,True,20181008
0000237117863e534ceec544bc9460f09b542d48260c2e045174d03e65ad5c28,30,Antiy-AVL,True,20181008
0000237117863e534ceec544bc9460f09b542d48260c2e045174d03e65ad5c28,30,Kingsoft,False,20181008
0000237117863e534ceec544bc9460f09b542d48260c2e045174d03e65ad5c28,30,Microsoft,False,20181007
0000237117863e534ceec544bc9460f09b542d48260c2e045174d03e65ad5c28,30,Arcabit,True,20181008
0000237117863e534ceec544bc9460f09b542d48260c2e045174d03e65ad5c28,30,SUPERAntiSpyware,False,20181006
0000237117863e534ceec544bc9460f09b542d48260c2e045174d03e65ad5c28,30,ZoneAlarm,True,20181008
0000237117863e534ceec544bc9460f09b542d48260c2e045174d03e65ad5c28,30,Avast-Mobile,True,20181008
0000237117863e534ceec544bc9460f09b542d48260c2e045174d03e65ad5c28,30,TACHYON,False,20181008
0000237117863e534ceec544bc9460f09b542d48260c2e045174d03e65ad5c28,30,AhnLab-V3,True,20181008
0000237117863e534ceec544bc9460f09b542d48260c2e045174d03e65ad5c28,30,ALYac,False,20181008
0000237117863e534ceec544bc9460f09b542d48260c2e045174d03e65ad5c28,30,AVware,False,20180925
0000237117863e534ceec544bc9460f09b542d48260c2e045174d03e65ad5c28,30,MAX,True,20181008
0000237117863e534ceec544bc9460f09b542d48260c2e045174d03e65ad5c28,30,VBA32,False,20181005
0000237117863e534ceec544bc9460f09b542d48260c2e045174d03e65ad5c28,30,Zoner,False,20181008
0000237117863e534ceec544bc9460f09b542d48260c2e045174d03e65ad5c28,30,Rising,False,20181008
0000237117863e534ceec544bc9460f09b542d48260c2e045174d03e65ad5c28,30,Yandex,False,20181005
0000237117863e534ceec544bc9460f09b542d48260c2e045174d03e65ad5c28,30,Ikarus,True,20181007
0000237117863e534ceec544bc9460f09b542d48260c2e045174d03e65ad5c28,30,Fortinet,True,20181008
0000237117863e534ceec544bc9460f09b542d48260c2e045174d03e65ad5c28,30,AVG,False,20181008
0000237117863e534ceec544bc9460f09b542d48260c2e045174d03e65ad5c28,30,Panda,False,20181007
0000237117863e534ceec544bc9460f09b542d48260c2e045174d03e65ad5c28,30,Qihoo-360,True,20181008
0000a053de676b4d381cc35632d0e5ab67c098bd2c8fb55571750c07f888c465,18,Bkav,False,20190924
0000a053de676b4d381cc35632d0e5ab67c098bd2c8fb55571750c07f888c465,18,MicroWorld-eScan,False,20190924
0000a053de676b4d381cc35632d0e5ab67c098bd2c8fb55571750c07f888c465,18,FireEye,False,20190924
0000a053de676b4d381cc35632d0e5ab67c098bd2c8fb55571750c07f888c465,18,CAT-QuickHeal,True,20190924
0000a053de676b4d381cc35632d0e5ab67c098bd2c8fb55571750c07f888c465,18,McAfee,True,20190924
0000a053de676b4d381cc35632d0e5ab67c098bd2c8fb55571750c07f888c465,18,Malwarebytes,False,20190924
0000a053de676b4d381cc35632d0e5ab67c098bd2c8fb55571750c07f888c465,18,VIPRE,False,20190923
0000a053de676b4d381cc35632d0e5ab67c098bd2c8fb55571750c07f888c465,18,Trustlook,True,20190924
0000a053de676b4d381cc35632d0e5ab67c098bd2c8fb55571750c07f888c465,18,BitDefender,False,20190924
0000a053de676b4d381cc35632d0e5ab67c098bd2c8fb55571750c07f888c465,18,K7GW,False,20190924
0000a053de676b4d381cc35632d0e5ab67c098bd2c8fb55571750c07f888c465,18,K7AntiVirus,False,20190924
0000a053de676b4d381cc35632d0e5ab67c098bd2c8fb55571750c07f888c465,18,Baidu,False,20190318
0000a053de676b4d381cc35632d0e5ab67c098bd2c8fb55571750c07f888c465,18,F-Prot,True,20190924
0000a053de676b4d381cc35632d0e5ab67c098bd2c8fb55571750c07f888c465,18,SymantecMobileInsight,False,20190920
0000a053de676b4d381cc35632d0e5ab67c098bd2c8fb55571750c07f888c465,18,Symantec,False,20190924
0000a053de676b4d381cc35632d0e5ab67c098bd2c8fb55571750c07f888c465,18,ESET-NOD32,True,20190924
0000a053de676b4d381cc35632d0e5ab67c098bd2c8fb55571750c07f888c465,18,TrendMicro-HouseCall,False,20190924
0000a053de676b4d381cc35632d0e5ab67c098bd2c8fb55571750c07f888c465,18,Avast,False,20190924
0000a053de676b4d381cc35632d0e5ab67c098bd2c8fb55571750c07f888c465,18,ClamAV,False,20190924
0000a053de676b4d381cc35632d0e5ab67c098bd2c8fb55571750c07f888c465,18,GData,False,20190924
0000a053de676b4d381cc35632d0e5ab67c098bd2c8fb55571750c07f888c465,18,Kaspersky,False,20190924
0000a053de676b4d381cc35632d0e5ab67c098bd2c8fb55571750c07f888c465,18,Alibaba,False,20190527
0000a053de676b4d381cc35632d0e5ab67c098bd2c8fb55571750c07f888c465,18,NANO-Antivirus,True,20190924
0000a053de676b4d381cc35632d0e5ab67c098bd2c8fb55571750c07f888c465,18,ViRobot,False,20190924
0000a053de676b4d381cc35632d0e5ab67c098bd2c8fb55571750c07f888c465,18,AegisLab,True,20190924
0000a053de676b4d381cc35632d0e5ab67c098bd2c8fb55571750c07f888c465,18,Tencent,False,20190924
0000a053de676b4d381cc35632d0e5ab67c098bd2c8fb55571750c07f888c465,18,Ad-Aware,False,20190924
0000a053de676b4d381cc35632d0e5ab67c098bd2c8fb55571750c07f888c465,18,Emsisoft,False,20190924
0000a053de676b4d381cc35632d0e5ab67c098bd2c8fb55571750c07f888c465,18,Comodo,False,20190924
0000a053de676b4d381cc35632d0e5ab67c098bd2c8fb55571750c07f888c465,18,F-Secure,True,20190924
0000a053de676b4d381cc35632d0e5ab67c098bd2c8fb55571750c07f888c465,18,DrWeb,True,20190924
0000a053de676b4d381cc35632d0e5ab67c098bd2c8fb55571750c07f888c465,18,Zillya,False,20190924
0000a053de676b4d381cc35632d0e5ab67c098bd2c8fb55571750c07f888c465,18,TrendMicro,False,20190924
0000a053de676b4d381cc35632d0e5ab67c098bd2c8fb55571750c07f888c465,18,McAfee-GW-Edition,True,20190924
0000a053de676b4d381cc35632d0e5ab67c098bd2c8fb55571750c07f888c465,18,CMC,False,20190321
0000a053de676b4d381cc35632d0e5ab67c098bd2c8fb55571750c07f888c465,18,Sophos,True,20190924
0000a053de676b4d381cc35632d0e5ab67c098bd2c8fb55571750c07f888c465,18,Cyren,True,20190924
0000a053de676b4d381cc35632d0e5ab67c098bd2c8fb55571750c07f888c465,18,Jiangmin,False,20190924
0000a053de676b4d381cc35632d0e5ab67c098bd2c8fb55571750c07f888c465,18,Avira,True,20190924
0000a053de676b4d381cc35632d0e5ab67c098bd2c8fb55571750c07f888c465,18,Antiy-AVL,False,20190924
0000a053de676b4d381cc35632d0e5ab67c098bd2c8fb55571750c07f888c465,18,Kingsoft,False,20190924
0000a053de676b4d381cc35632d0e5ab67c098bd2c8fb55571750c07f888c465,18,Microsoft,False,20190924
0000a053de676b4d381cc35632d0e5ab67c098bd2c8fb55571750c07f888c465,18,Arcabit,False,20190924
0000a053de676b4d381cc35632d0e5ab67c098bd2c8fb55571750c07f888c465,18,SUPERAntiSpyware,False,20190920
0000a053de676b4d381cc35632d0e5ab67c098bd2c8fb55571750c07f888c465,18,AhnLab-V3,False,20190924
0000a053de676b4d381cc35632d0e5ab67c098bd2c8fb55571750c07f888c465,18,ZoneAlarm,False,20190924
0000a053de676b4d381cc35632d0e5ab67c098bd2c8fb55571750c07f888c465,18,Avast-Mobile,True,20190924
0000a053de676b4d381cc35632d0e5ab67c098bd2c8fb55571750c07f888c465,18,TACHYON,False,20190924
0000a053de676b4d381cc35632d0e5ab67c098bd2c8fb55571750c07f888c465,18,TotalDefense,False,20190924
0000a053de676b4d381cc35632d0e5ab67c098bd2c8fb55571750c07f888c465,18,VBA32,False,20190924
0000a053de676b4d381cc35632d0e5ab67c098bd2c8fb55571750c07f888c465,18,ALYac,False,20190924
0000a053de676b4d381cc35632d0e5ab67c098bd2c8fb55571750c07f888c465,18,MAX,True,20190924
0000a053de676b4d381cc35632d0e5ab67c098bd2c8fb55571750c07f888c465,18,Zoner,False,20190924
0000a053de676b4d381cc35632d0e5ab67c098bd2c8fb55571750c07f888c465,18,Rising,False,20190924
0000a053de676b4d381cc35632d0e5ab67c098bd2c8fb55571750c07f888c465,18,Yandex,False,20190923
0000a053de676b4d381cc35632d0e5ab67c098bd2c8fb55571750c07f888c465,18,Ikarus,True,20190924
0000a053de676b4d381cc35632d0e5ab67c098bd2c8fb55571750c07f888c465,18,MaxSecure,True,20190924
0000a053de676b4d381cc35632d0e5ab67c098bd2c8fb55571750c07f888c465,18,Fortinet,False,20190924
0000a053de676b4d381cc35632d0e5ab67c098bd2c8fb55571750c07f888c465,18,AVG,False,20190924
0000a053de676b4d381cc35632d0e5ab67c098bd2c8fb55571750c07f888c465,18,Panda,False,20190924
0000a053de676b4d381cc35632d0e5ab67c098bd2c8fb55571750c07f888c465,18,Qihoo-360,True,20190924
