scan_id,sha1,resource,response_code,scan_date,permalink,verbose_msg,sha256,positives,total,md5
00006240e555a6be9823db8d47c75ba95c05721888046a2d19df12770a487b9b-1548304349,b9b9d8827fd937cd50030c6f0a33dec253605d87,00006240e555a6be9823db8d47c75ba95c05721888046a2d19df12770a487b9b,1,2019-01-24 04:32:29,https://www.virustotal.com/file/00006240e555a6be9823db8d47c75ba95c05721888046a2d19df12770a487b9b/analysis/1548304349/,Scan finished  information embedded,00006240e555a6be9823db8d47c75ba95c05721888046a2d19df12770a487b9b,55,71,048e1a35941a0506f5fee30a2e59b503
00005e488e7136b04778f51a81233329d98f0dd2d11f22e317183cf8809372df-1544493681,b1aa537fcad45cf8a7104359f783ffdc42a06dfb,00005e488e7136b04778f51a81233329d98f0dd2d11f22e317183cf8809372df,1,2018-12-11 02:01:21,https://www.virustotal.com/file/00005e488e7136b04778f51a81233329d98f0dd2d11f22e317183cf8809372df/analysis/1544493681/,Scan finished  information embedded,00005e488e7136b04778f51a81233329d98f0dd2d11f22e317183cf8809372df,0,61,d4b03cb2e4c65133094017025e435a68
00003a3053a69e443d9ebb565adc02901f8daf0f3e293e1f6e4d573799c8e2ff-1544493680,d091696e09962ed03080eb785725f793d256c079,00003a3053a69e443d9ebb565adc02901f8daf0f3e293e1f6e4d573799c8e2ff,1,2018-12-11 02:01:20,https://www.virustotal.com/file/00003a3053a69e443d9ebb565adc02901f8daf0f3e293e1f6e4d573799c8e2ff/analysis/1544493680/,Scan finished  information embedded,00003a3053a69e443d9ebb565adc02901f8daf0f3e293e1f6e4d573799c8e2ff,1,60,55743423ef67f9d0e77b61eb578cc722
00002e7430262b5d73e4a563d861c017677199ab5c0a7c8bcb89fb4166fa7cc7-1572914710,4751d5bea46e8771d8e0baa49b5f7daa4e79c23b,00002e7430262b5d73e4a563d861c017677199ab5c0a7c8bcb89fb4166fa7cc7,1,2019-11-05 00:45:10,https://www.virustotal.com/file/00002e7430262b5d73e4a563d861c017677199ab5c0a7c8bcb89fb4166fa7cc7/analysis/1572914710/,Scan finished  information embedded,00002e7430262b5d73e4a563d861c017677199ab5c0a7c8bcb89fb4166fa7cc7,59,71,3ff891ce6b3eda521d154a729daf4ad0
000080c533df81d0f161e2ed00b95bdc742f8190e7ede4f622e26c15699c4b9f-1240517547,2421d7792a870c60f00a7da5d07df12a704c6c15,000080c533df81d0f161e2ed00b95bdc742f8190e7ede4f622e26c15699c4b9f,1,2009-04-23 20:12:27,https://www.virustotal.com/file/000080c533df81d0f161e2ed00b95bdc742f8190e7ede4f622e26c15699c4b9f/analysis/1240517547/,Scan finished  information embedded,000080c533df81d0f161e2ed00b95bdc742f8190e7ede4f622e26c15699c4b9f,21,40,5284a494fab1d7fb24e9524f995abe52
0000dd28af91dbe557b3ed22ab98e5089dcebbe521e8af608d0f0af63812d997-1266443046,356edf34003bd4a0c41bc81c4a23d90480dce2c4,0000dd28af91dbe557b3ed22ab98e5089dcebbe521e8af608d0f0af63812d997,1,2010-02-17 21:44:06,https://www.virustotal.com/file/0000dd28af91dbe557b3ed22ab98e5089dcebbe521e8af608d0f0af63812d997/analysis/1266443046/,Scan finished  information embedded,0000dd28af91dbe557b3ed22ab98e5089dcebbe521e8af608d0f0af63812d997,17,39,a0f5ddccfd50015d0b970152515315a7
0000717222c6a50b494af32110b63638fc0db865e1ef74c0b178cdbcc4506df1-1461718332,dd0e60469800041a913890ae7363594a95009d19,0000717222c6a50b494af32110b63638fc0db865e1ef74c0b178cdbcc4506df1,1,2016-04-27 00:52:12,https://www.virustotal.com/file/0000717222c6a50b494af32110b63638fc0db865e1ef74c0b178cdbcc4506df1/analysis/1461718332/,Scan finished  information embedded,0000717222c6a50b494af32110b63638fc0db865e1ef74c0b178cdbcc4506df1,48,57,799458d2faec9d0ddc18ae1e93735193
00001a21e96c4d131b5dc27897e89d23fc35d6d75a4ce1b15d6d30a4e4fc60f1-1584590701,2190bcaaeee61ba4f715887c7ce4937cd8613a42,00001a21e96c4d131b5dc27897e89d23fc35d6d75a4ce1b15d6d30a4e4fc60f1,1,2020-03-19 04:05:01,https://www.virustotal.com/file/00001a21e96c4d131b5dc27897e89d23fc35d6d75a4ce1b15d6d30a4e4fc60f1/analysis/1584590701/,Scan finished  information embedded,00001a21e96c4d131b5dc27897e89d23fc35d6d75a4ce1b15d6d30a4e4fc60f1,2,64,3efbad62c71b350637b2f4141149a730
000026e846ffcf60e2a9e135251b4f411300e903dce95d47989b24158e93bb3d-1552728489,eb745f4f3a984537756a9769e0417910eb55dbf0,000026e846ffcf60e2a9e135251b4f411300e903dce95d47989b24158e93bb3d,1,2019-03-16 09:28:09,https://www.virustotal.com/file/000026e846ffcf60e2a9e135251b4f411300e903dce95d47989b24158e93bb3d/analysis/1552728489/,Scan finished  information embedded,000026e846ffcf60e2a9e135251b4f411300e903dce95d47989b24158e93bb3d,9,57,9c033944f2e293be73afbb995317c862
000098ea542a141f940cdb53f99a9790f34fe3b2d1d84e693d6c21fc1810d50a-1497259746,0b712e6a02d83f7eb1bc7df37f02d7fb46f837c3,000098ea542a141f940cdb53f99a9790f34fe3b2d1d84e693d6c21fc1810d50a,1,2017-06-12 09:29:06,https://www.virustotal.com/file/000098ea542a141f940cdb53f99a9790f34fe3b2d1d84e693d6c21fc1810d50a/analysis/1497259746/,Scan finished  information embedded,000098ea542a141f940cdb53f99a9790f34fe3b2d1d84e693d6c21fc1810d50a,1,59,01b0db492d7ef531cd205b099c5c76cd
0000716bf3c42807f4f7d11f983cbd0ad3a7bb60c60fceec2141c2df7ecdac03-1554264304,fa064fba5dd82da71731565a94afb3b9d79fd96e,0000716bf3c42807f4f7d11f983cbd0ad3a7bb60c60fceec2141c2df7ecdac03,1,2019-04-03 04:05:04,https://www.virustotal.com/file/0000716bf3c42807f4f7d11f983cbd0ad3a7bb60c60fceec2141c2df7ecdac03/analysis/1554264304/,Scan finished  information embedded,0000716bf3c42807f4f7d11f983cbd0ad3a7bb60c60fceec2141c2df7ecdac03,8,60,d67f99ee71dfabfe6af3ae281d3412ed
0000521d821c947769675402e68b78bccef3178be71d072d6bba7509fce41cdd-1461718319,471671e83fc5759b446c059586c86f7e031d6905,0000521d821c947769675402e68b78bccef3178be71d072d6bba7509fce41cdd,1,2016-04-27 00:51:59,https://www.virustotal.com/file/0000521d821c947769675402e68b78bccef3178be71d072d6bba7509fce41cdd/analysis/1461718319/,Scan finished  information embedded,0000521d821c947769675402e68b78bccef3178be71d072d6bba7509fce41cdd,49,57,f9573e1b457dbd9a18b4455557884071
000018022deeaddbacd1e5e2a7942dbb6f48429b7d755d7e021899dae3e99a4f-1573867503,7d3730f3abae56080e023c95cef31bd5b630a78d,000018022DEEADDBACD1E5E2A7942DBB6F48429B7D755D7E021899DAE3E99A4F,1,2019-11-16 01:25:03,https://www.virustotal.com/file/000018022deeaddbacd1e5e2a7942dbb6f48429b7d755d7e021899dae3e99a4f/analysis/1573867503/,Scan finished  information embedded,000018022deeaddbacd1e5e2a7942dbb6f48429b7d755d7e021899dae3e99a4f,0,53,9c127a4fcb85fd64c5f202d8d3d1041b
00002514605f8ed36cc70549b3c6db5cb51c7b0c95ac642d1327acc5d996d6a2-1461718301,921604fc7d70d590cd1042c353eb6daeb3df1b31,00002514605f8ed36cc70549b3c6db5cb51c7b0c95ac642d1327acc5d996d6a2,1,2016-04-27 00:51:41,https://www.virustotal.com/file/00002514605f8ed36cc70549b3c6db5cb51c7b0c95ac642d1327acc5d996d6a2/analysis/1461718301/,Scan finished  information embedded,00002514605f8ed36cc70549b3c6db5cb51c7b0c95ac642d1327acc5d996d6a2,55,57,3135e5d98baf52c1961b616ec6a1f324
000016e014b0f7e7a2b05c1d885dc3f6c77c15700da82661d9b32c14ed564f34-1461718295,589ee0434425dcb886b9086a038defe920230ba3,000016e014b0f7e7a2b05c1d885dc3f6c77c15700da82661d9b32c14ed564f34,1,2016-04-27 00:51:35,https://www.virustotal.com/file/000016e014b0f7e7a2b05c1d885dc3f6c77c15700da82661d9b32c14ed564f34/analysis/1461718295/,Scan finished  information embedded,000016e014b0f7e7a2b05c1d885dc3f6c77c15700da82661d9b32c14ed564f34,51,57,86911fe7d16c72844db934d205ae11c0
0000205479c9ba53e1b209d5fc484a8b5d12235b83374e70f60c2f02919c5a6d-1573181075,2f5c3233afe766fa1628a19930474ba1fe38d135,0000205479c9ba53e1b209d5fc484a8b5d12235b83374e70f60c2f02919c5a6d,1,2019-11-08 02:44:35,https://www.virustotal.com/file/0000205479c9ba53e1b209d5fc484a8b5d12235b83374e70f60c2f02919c5a6d/analysis/1573181075/,Scan finished  information embedded,0000205479c9ba53e1b209d5fc484a8b5d12235b83374e70f60c2f02919c5a6d,0,62,b49250beb27c1486b268a20b53636175
00007aec9059a1bfa9e21cb4937ecd60fbb8b72da0557c9655546c5e4e128cdc-1403363224,8f1c6921d308ab0c3c147d02fee0aadaad492d42,00007aec9059a1bfa9e21cb4937ecd60fbb8b72da0557c9655546c5e4e128cdc,1,2014-06-21 15:07:04,https://www.virustotal.com/file/00007aec9059a1bfa9e21cb4937ecd60fbb8b72da0557c9655546c5e4e128cdc/analysis/1403363224/,Scan finished  information embedded,00007aec9059a1bfa9e21cb4937ecd60fbb8b72da0557c9655546c5e4e128cdc,49,53,fd6e0a9da28b808052496ab75a258b6a
0000f35064e3ac4368da8cd60d64b74db1c30e8dd7a45a0ab4e6cad900745572-1550906299,8aa18f45c98ddf795a546279dff2e28f7e0903f8,0000f35064e3ac4368da8cd60d64b74db1c30e8dd7a45a0ab4e6cad900745572,1,2019-02-23 07:18:19,https://www.virustotal.com/file/0000f35064e3ac4368da8cd60d64b74db1c30e8dd7a45a0ab4e6cad900745572/analysis/1550906299/,Scan finished  information embedded,0000f35064e3ac4368da8cd60d64b74db1c30e8dd7a45a0ab4e6cad900745572,32,51,07d211f2952ab1e98c558d73b30c78ca
000095ec155917ef4fe1aeb82c8ca3f8d2806a53fb95dab6e7ee4caf0b79e46e-1359532776,47c60e5e34df728d56403fc80fb9f011d291cdc0,000095ec155917ef4fe1aeb82c8ca3f8d2806a53fb95dab6e7ee4caf0b79e46e,1,2013-01-30 07:59:36,https://www.virustotal.com/file/000095ec155917ef4fe1aeb82c8ca3f8d2806a53fb95dab6e7ee4caf0b79e46e/analysis/1359532776/,Scan finished  information embedded,000095ec155917ef4fe1aeb82c8ca3f8d2806a53fb95dab6e7ee4caf0b79e46e,38,46,309b7bec5cf92ae1adea9cd97d69fb59
0000f7b1670210d84a55da6126679a0c44d4cbcbb5a26b6d2169a520fb821703-1497259773,242d3355bb8f424437a1fd3b9a52494f8468a497,0000f7b1670210d84a55da6126679a0c44d4cbcbb5a26b6d2169a520fb821703,1,2017-06-12 09:29:33,https://www.virustotal.com/file/0000f7b1670210d84a55da6126679a0c44d4cbcbb5a26b6d2169a520fb821703/analysis/1497259773/,Scan finished  information embedded,0000f7b1670210d84a55da6126679a0c44d4cbcbb5a26b6d2169a520fb821703,1,58,00363be0299a6ba123d015e7e0808a55
0000d76a907441930b5a8fac752a33af8a436ebae15cecdb6b91bb4433bb3c85-1562221731,f228192d2fec98f48fef67b661ab111cb95667aa,0000d76a907441930b5a8fac752a33af8a436ebae15cecdb6b91bb4433bb3c85,1,2019-07-04 06:28:51,https://www.virustotal.com/file/0000d76a907441930b5a8fac752a33af8a436ebae15cecdb6b91bb4433bb3c85/analysis/1562221731/,Scan finished  information embedded,0000d76a907441930b5a8fac752a33af8a436ebae15cecdb6b91bb4433bb3c85,0,61,d9b36e76df3680692cf154fdf38d72e2
0000e2409abd49ace9d98126110f0db76c42fb9da932be55e8561d25e8c62e5b-1451434857,3265a9d6a7738045fee6a7f45755f4cc81a5bf56,0000e2409abd49ace9d98126110f0db76c42fb9da932be55e8561d25e8c62e5b,1,2015-12-30 00:20:57,https://www.virustotal.com/file/0000e2409abd49ace9d98126110f0db76c42fb9da932be55e8561d25e8c62e5b/analysis/1451434857/,Scan finished  information embedded,0000e2409abd49ace9d98126110f0db76c42fb9da932be55e8561d25e8c62e5b,42,54,d0b5d58c9312896d02cbb8b5b6965180
0000ac04045b4445a7a91c8f651a4a197b4d850abe688e172985659c4d924137-1397603835,2543cd869d7b8ce5a8a0f20187bed8267000bb79,0000ac04045b4445a7a91c8f651a4a197b4d850abe688e172985659c4d924137,1,2014-04-15 23:17:15,https://www.virustotal.com/file/0000ac04045b4445a7a91c8f651a4a197b4d850abe688e172985659c4d924137/analysis/1397603835/,Scan finished  information embedded,0000ac04045b4445a7a91c8f651a4a197b4d850abe688e172985659c4d924137,43,51,163ca81dae6c2df8248daaabb5a58cc4
00006c3a7dc93ac9dc68ceca8ccff9f574ca2a3b4ee3607200bd8f44937ef623-1462323554,637bb42cd9d6204920f56a3a94f5fd85551e3a40,00006c3a7dc93ac9dc68ceca8ccff9f574ca2a3b4ee3607200bd8f44937ef623,1,2016-05-04 00:59:14,https://www.virustotal.com/file/00006c3a7dc93ac9dc68ceca8ccff9f574ca2a3b4ee3607200bd8f44937ef623/analysis/1462323554/,Scan finished  information embedded,00006c3a7dc93ac9dc68ceca8ccff9f574ca2a3b4ee3607200bd8f44937ef623,45,57,97927ee2aca00a8d25da01f63d094ab5
0000eddf809ea3b40156cca6194008c7c221741221d4790e6f477747661fa5df-1300497534,e848d88ebb7c1e47072b0d30af8715b71cce9e06,0000eddf809ea3b40156cca6194008c7c221741221d4790e6f477747661fa5df,1,2011-03-19 01:18:54,https://www.virustotal.com/file/0000eddf809ea3b40156cca6194008c7c221741221d4790e6f477747661fa5df/analysis/1300497534/,Scan finished  information embedded,0000eddf809ea3b40156cca6194008c7c221741221d4790e6f477747661fa5df,39,43,a3e0bb258e34b1d76873c322f39f7e84
0000ccf86a7a370cb354f439e6518b3042fcd9e33922355c015b8c5663bf2385-1575713782,7d525cc63106f7562d7eff82de9e1c337ccc9947,0000CCF86A7A370CB354F439E6518B3042FCD9E33922355C015B8C5663BF2385,1,2019-12-07 10:16:22,https://www.virustotal.com/file/0000ccf86a7a370cb354f439e6518b3042fcd9e33922355c015b8c5663bf2385/analysis/1575713782/,Scan finished  information embedded,0000ccf86a7a370cb354f439e6518b3042fcd9e33922355c015b8c5663bf2385,0,57,9224bd3c7a8d311ed58163308c38ed2e
0000f17c166520d043df751970909a30812261af5d36ab6d8cdf5c8327301153-1550962024,9c75792ddbb0bd54f73207ee409e7a52dfabce2f,0000f17c166520d043df751970909a30812261af5d36ab6d8cdf5c8327301153,1,2019-02-23 22:47:04,https://www.virustotal.com/file/0000f17c166520d043df751970909a30812261af5d36ab6d8cdf5c8327301153/analysis/1550962024/,Scan finished  information embedded,0000f17c166520d043df751970909a30812261af5d36ab6d8cdf5c8327301153,29,51,231fb0682662d91280bc8d7d67bcda5e
000018f82ea7d23db0e90b055aa876b961878828504ba01169a09c706d42e67e-1461718295,5e00530b43945255e7f0ff782313444ce4f4361f,000018f82ea7d23db0e90b055aa876b961878828504ba01169a09c706d42e67e,1,2016-04-27 00:51:35,https://www.virustotal.com/file/000018f82ea7d23db0e90b055aa876b961878828504ba01169a09c706d42e67e/analysis/1461718295/,Scan finished  information embedded,000018f82ea7d23db0e90b055aa876b961878828504ba01169a09c706d42e67e,44,57,e98933e80a1132d19b3e9f69413d4af0
0000df9e594cefa36557911af71f6b6024c0a5d1a7e2607e4c3814db96d96a6b-1242051878,d89ea50f6fa7e3d46383d3034af1831fc9cc77a9,0000df9e594cefa36557911af71f6b6024c0a5d1a7e2607e4c3814db96d96a6b,1,2009-05-11 14:24:38,https://www.virustotal.com/file/0000df9e594cefa36557911af71f6b6024c0a5d1a7e2607e4c3814db96d96a6b/analysis/1242051878/,Scan finished  information embedded,0000df9e594cefa36557911af71f6b6024c0a5d1a7e2607e4c3814db96d96a6b,30,40,163e35aa27cf71419e9bcf7f1dc622e4
0000cd59978cb6ec4fd5d1fba4f25cba0e11c71a4e9d3ff1d1e7065085fd6507-1290281927,b600fb76a953c489cf92e6666624337cc40e3e67,0000cd59978cb6ec4fd5d1fba4f25cba0e11c71a4e9d3ff1d1e7065085fd6507,1,2010-11-20 19:38:47,https://www.virustotal.com/file/0000cd59978cb6ec4fd5d1fba4f25cba0e11c71a4e9d3ff1d1e7065085fd6507/analysis/1290281927/,Scan finished  information embedded,0000cd59978cb6ec4fd5d1fba4f25cba0e11c71a4e9d3ff1d1e7065085fd6507,17,43,53214626524c91b16b912116fb5cba8b
00001112e046d8bbf8b5529a9ecb39920f828209ef4abfeb95aab46d41f56a7d-1583485376,4852e9a9b19db6cc776ab811eae6abd5f845a64b,00001112e046d8bbf8b5529a9ecb39920f828209ef4abfeb95aab46d41f56a7d,1,2020-03-06 09:02:56,https://www.virustotal.com/file/00001112e046d8bbf8b5529a9ecb39920f828209ef4abfeb95aab46d41f56a7d/analysis/1583485376/,Scan finished  information embedded,00001112e046d8bbf8b5529a9ecb39920f828209ef4abfeb95aab46d41f56a7d,0,63,2a6ecf7a0d56056d653f5b3eddafc8a5
0000f858d3c129f8a0980b566c9b94a84350450716f494578745b94e1d6233b0-1497259773,034421e44b1ce948298a5c65e7192ef4d2e32669,0000f858d3c129f8a0980b566c9b94a84350450716f494578745b94e1d6233b0,1,2017-06-12 09:29:33,https://www.virustotal.com/file/0000f858d3c129f8a0980b566c9b94a84350450716f494578745b94e1d6233b0/analysis/1497259773/,Scan finished  information embedded,0000f858d3c129f8a0980b566c9b94a84350450716f494578745b94e1d6233b0,0,59,f18c9e5bff81764754bc8f1e4b46583f
00007a7bc0442ef37645f42fa00a61e93826c170038a1668a0f74abcb9d7655a-1400401925,b510d4cbd23180e07f11c104f7ddf5de2323cee0,00007a7bc0442ef37645f42fa00a61e93826c170038a1668a0f74abcb9d7655a,1,2014-05-18 08:32:05,https://www.virustotal.com/file/00007a7bc0442ef37645f42fa00a61e93826c170038a1668a0f74abcb9d7655a/analysis/1400401925/,Scan finished  information embedded,00007a7bc0442ef37645f42fa00a61e93826c170038a1668a0f74abcb9d7655a,40,53,4d4027aeca74aae3e4c3eee5bff99f50
0000efb76611c9027c921a3c11799e11a19253f7a56af1b4fb01d11682395f96-1362268251,5a031998ce3750a45b3489e4cdee8a97f6b25e9b,0000efb76611c9027c921a3c11799e11a19253f7a56af1b4fb01d11682395f96,1,2013-03-02 23:50:51,https://www.virustotal.com/file/0000efb76611c9027c921a3c11799e11a19253f7a56af1b4fb01d11682395f96/analysis/1362268251/,Scan finished  information embedded,0000efb76611c9027c921a3c11799e11a19253f7a56af1b4fb01d11682395f96,38,46,24c7673a4ee1c9e1dbc6d7bd3abebd8e
0000902ce208c7445beaec0c9496969d7a752d1bf6577db78845f336253e1281-1529489919,9844185c70041dfdaf5e92e466f70cd56d008c0f,0000902ce208c7445beaec0c9496969d7a752d1bf6577db78845f336253e1281,1,2018-06-20 10:18:39,https://www.virustotal.com/file/0000902ce208c7445beaec0c9496969d7a752d1bf6577db78845f336253e1281/analysis/1529489919/,Scan finished  information embedded,0000902ce208c7445beaec0c9496969d7a752d1bf6577db78845f336253e1281,0,63,a9ca6517e275815096ad9457fdb9e451
0000047c3e2bb73374dd394e6bab7a273cf58d26c9a7e458b53c1449f86fd8d4-1461718294,baed37a55b4e022d58fcf3ddcbcd90dfb2b71d91,0000047c3e2bb73374dd394e6bab7a273cf58d26c9a7e458b53c1449f86fd8d4,1,2016-04-27 00:51:34,https://www.virustotal.com/file/0000047c3e2bb73374dd394e6bab7a273cf58d26c9a7e458b53c1449f86fd8d4/analysis/1461718294/,Scan finished  information embedded,0000047c3e2bb73374dd394e6bab7a273cf58d26c9a7e458b53c1449f86fd8d4,52,57,eee13ec102ed5d59b92d0d652adefdbf
0000e1a0b0caefd82b9e71098e92ee08fa3c47b889108b450712b4d9c3ae4d6e-1359532836,b10dda35a91b80dfe65a1a6ca73c132abf3c3c3e,0000e1a0b0caefd82b9e71098e92ee08fa3c47b889108b450712b4d9c3ae4d6e,1,2013-01-30 08:00:36,https://www.virustotal.com/file/0000e1a0b0caefd82b9e71098e92ee08fa3c47b889108b450712b4d9c3ae4d6e/analysis/1359532836/,Scan finished  information embedded,0000e1a0b0caefd82b9e71098e92ee08fa3c47b889108b450712b4d9c3ae4d6e,37,46,5f58641b1591a6f36909360eebd2bfa0
00001c214c1d15ce98d00dc06c9a4563a91206d45cd0b0b74bd1a580163b22b5-1562555480,a94ce010aa831c510f90b078c717d26c28a300b1,00001c214c1d15ce98d00dc06c9a4563a91206d45cd0b0b74bd1a580163b22b5,1,2019-07-08 03:11:20,https://www.virustotal.com/file/00001c214c1d15ce98d00dc06c9a4563a91206d45cd0b0b74bd1a580163b22b5/analysis/1562555480/,Scan finished  information embedded,00001c214c1d15ce98d00dc06c9a4563a91206d45cd0b0b74bd1a580163b22b5,37,57,8347717d960cb23d900e5d26bfad21d3
000007ddbee390dec0714a622f19b835e3e4bea90bb6ec9160f4857d9abd8205-1313986294,8fbf376288111f5a00df5d83e769139668b01ef8,000007ddbee390dec0714a622f19b835e3e4bea90bb6ec9160f4857d9abd8205,1,2011-08-22 04:11:34,https://www.virustotal.com/file/000007ddbee390dec0714a622f19b835e3e4bea90bb6ec9160f4857d9abd8205/analysis/1313986294/,Scan finished  information embedded,000007ddbee390dec0714a622f19b835e3e4bea90bb6ec9160f4857d9abd8205,36,43,a94e0e122c5aed8343129ce1d670fba4
00000211be6e77ff4cf040eb1f82ee6fadb7b1723dcf0f698a7c061f76c9e1d7-1359532717,2fe64da11b02f0e8d1849d0605061f9ccc61540c,00000211be6e77ff4cf040eb1f82ee6fadb7b1723dcf0f698a7c061f76c9e1d7,1,2013-01-30 07:58:37,https://www.virustotal.com/file/00000211be6e77ff4cf040eb1f82ee6fadb7b1723dcf0f698a7c061f76c9e1d7/analysis/1359532717/,Scan finished  information embedded,00000211be6e77ff4cf040eb1f82ee6fadb7b1723dcf0f698a7c061f76c9e1d7,12,46,69413c7c2ea70490ae11d91033444550
0000241b6c550b52927c74c854b7a8d9dba6e86a3576d562001e61fbeb0074f4-1573181359,d96bf6b6edf8c408c30c8fb582eaa426d4734597,0000241b6c550b52927c74c854b7a8d9dba6e86a3576d562001e61fbeb0074f4,1,2019-11-08 02:49:19,https://www.virustotal.com/file/0000241b6c550b52927c74c854b7a8d9dba6e86a3576d562001e61fbeb0074f4/analysis/1573181359/,Scan finished  information embedded,0000241b6c550b52927c74c854b7a8d9dba6e86a3576d562001e61fbeb0074f4,0,59,9e580b59bce407cc1f7257c61d2255d2
000092a8da744fc82d40ac8a6c9a4089f2fec279dac68320a1047948a1f74045-1530429126,9feef55177e216bb0224071821fb0e2aa405c774,000092a8da744fc82d40ac8a6c9a4089f2fec279dac68320a1047948a1f74045,1,2018-07-01 07:12:06,https://www.virustotal.com/file/000092a8da744fc82d40ac8a6c9a4089f2fec279dac68320a1047948a1f74045/analysis/1530429126/,Scan finished  information embedded,000092a8da744fc82d40ac8a6c9a4089f2fec279dac68320a1047948a1f74045,0,61,046b40cf02fe0974ff9836a7e18e504e
0000f8ea296badcb7584ddefe3ddde1ab6fc60629848d45f5a0c87681e033aa7-1261472806,8d2f7b6e892b851dd4fffbd06c268cdc08d04aba,0000f8ea296badcb7584ddefe3ddde1ab6fc60629848d45f5a0c87681e033aa7,1,2009-12-22 09:06:46,https://www.virustotal.com/file/0000f8ea296badcb7584ddefe3ddde1ab6fc60629848d45f5a0c87681e033aa7/analysis/1261472806/,Scan finished  information embedded,0000f8ea296badcb7584ddefe3ddde1ab6fc60629848d45f5a0c87681e033aa7,34,40,aebea5c874a1e99c9ce01a203129e06a
0000683f5a1f827c69113a8533ed153fe994462ae89fb4bc47a7af6ff208d1b3-1498850185,542862511507dfc7c3415d3fa6b1187562e155f1,0000683f5a1f827c69113a8533ed153fe994462ae89fb4bc47a7af6ff208d1b3,1,2017-06-30 19:16:25,https://www.virustotal.com/file/0000683f5a1f827c69113a8533ed153fe994462ae89fb4bc47a7af6ff208d1b3/analysis/1498850185/,Scan finished  information embedded,0000683f5a1f827c69113a8533ed153fe994462ae89fb4bc47a7af6ff208d1b3,0,61,7515f52a0831dbc8134afef3e84cf0c6
0000b4fa1bdcc2a2488e4cc60ed4678e13086e0c3a370eb99aa4d23408d8b98b-1550866939,7f9193991f57aeaf43753cb77c5fdbd17ea14d70,0000b4fa1bdcc2a2488e4cc60ed4678e13086e0c3a370eb99aa4d23408d8b98b,1,2019-02-22 20:22:19,https://www.virustotal.com/file/0000b4fa1bdcc2a2488e4cc60ed4678e13086e0c3a370eb99aa4d23408d8b98b/analysis/1550866939/,Scan finished  information embedded,0000b4fa1bdcc2a2488e4cc60ed4678e13086e0c3a370eb99aa4d23408d8b98b,1,53,4fb1c18f3d26d6acf67ebaa119bc0617
0000668528dd9e5c08bc54a07d2840dc7761660b404eb75819852fe27ae6b88e-1357554029,df09b2ccc2d281456e4a0be92e9cc782600b5810,0000668528dd9e5c08bc54a07d2840dc7761660b404eb75819852fe27ae6b88e,1,2013-01-07 10:20:29,https://www.virustotal.com/file/0000668528dd9e5c08bc54a07d2840dc7761660b404eb75819852fe27ae6b88e/analysis/1357554029/,Scan finished  information embedded,0000668528dd9e5c08bc54a07d2840dc7761660b404eb75819852fe27ae6b88e,37,46,600152a2bf4680f67ce866b0236d360c
0000d6604af5bd26bdd684eb8ace0a9376ddae175d0dfdadae92739c44e8d041-1568973972,376bb34c66ef41633151ea0508bf83918f648525,0000d6604af5bd26bdd684eb8ace0a9376ddae175d0dfdadae92739c44e8d041,1,2019-09-20 10:06:12,https://www.virustotal.com/file/0000d6604af5bd26bdd684eb8ace0a9376ddae175d0dfdadae92739c44e8d041/analysis/1568973972/,Scan finished  information embedded,0000d6604af5bd26bdd684eb8ace0a9376ddae175d0dfdadae92739c44e8d041,0,58,d507f4e51798451ea36fee174c391bee
000008d822b0e7388cb0592b85642795acfd63057362d51d64c1e5af3e0bc0c9-1401615658,8345d639310c8eb87e5349843732b3eb22ed0253,000008d822b0e7388cb0592b85642795acfd63057362d51d64c1e5af3e0bc0c9,1,2014-06-01 09:40:58,https://www.virustotal.com/file/000008d822b0e7388cb0592b85642795acfd63057362d51d64c1e5af3e0bc0c9/analysis/1401615658/,Scan finished  information embedded,000008d822b0e7388cb0592b85642795acfd63057362d51d64c1e5af3e0bc0c9,35,53,597c36314d96c24ce622f232404fb6d0
0000cf055a25514c0c7b999b5af216dd314c496f8c3b067ac314c4d63292b87e-1561383435,1d56df154aadfd00c83ee873feca1c38a9ab1730,0000cf055a25514c0c7b999b5af216dd314c496f8c3b067ac314c4d63292b87e,1,2019-06-24 13:37:15,https://www.virustotal.com/file/0000cf055a25514c0c7b999b5af216dd314c496f8c3b067ac314c4d63292b87e/analysis/1561383435/,Scan finished  information embedded,0000cf055a25514c0c7b999b5af216dd314c496f8c3b067ac314c4d63292b87e,2,54,ee64815477d4e29f6cd84d95ce56918a
000080c1f8fd8cd4a208469e5b21518f0106c33ffe21367acb128887ea2a5974-1548324663,494775e1b65b628a9ede1fc6493373e74c1ad373,000080c1f8fd8cd4a208469e5b21518f0106c33ffe21367acb128887ea2a5974,1,2019-01-24 10:11:03,https://www.virustotal.com/file/000080c1f8fd8cd4a208469e5b21518f0106c33ffe21367acb128887ea2a5974/analysis/1548324663/,Scan finished  information embedded,000080c1f8fd8cd4a208469e5b21518f0106c33ffe21367acb128887ea2a5974,6,59,63405a4b2f46b000097c8e12c77fb501
0000a53291b716bc1a88dd21d0976ce5acd74d063eb0f953f8271b6e09d6bec7-1546651893,4f280158006a4d368e68205f1e91b6af7ecc832d,0000a53291b716bc1a88dd21d0976ce5acd74d063eb0f953f8271b6e09d6bec7,1,2019-01-05 01:31:33,https://www.virustotal.com/file/0000a53291b716bc1a88dd21d0976ce5acd74d063eb0f953f8271b6e09d6bec7/analysis/1546651893/,Scan finished  information embedded,0000a53291b716bc1a88dd21d0976ce5acd74d063eb0f953f8271b6e09d6bec7,57,70,05d299b1b9421e600f819bffc8972495
0000fb9153e00d6e2c8cf6a2b82d8b0f1c828080fdeb575dc600a5a49d045f5f-1497259780,b32c4fc6be878fd34dc0e563444ac0b3c80edcd4,0000fb9153e00d6e2c8cf6a2b82d8b0f1c828080fdeb575dc600a5a49d045f5f,1,2017-06-12 09:29:40,https://www.virustotal.com/file/0000fb9153e00d6e2c8cf6a2b82d8b0f1c828080fdeb575dc600a5a49d045f5f/analysis/1497259780/,Scan finished  information embedded,0000fb9153e00d6e2c8cf6a2b82d8b0f1c828080fdeb575dc600a5a49d045f5f,24,59,7bbfc01117783ea2c7e786eaf0aaa4f2
000030a84bf507d7828069d27cbc3de9a4f5f22a24f8273d9f27a312b5befc8f-1571386578,d7f55af60374f8237646ec1e2ada7859f8604fd3,000030a84bf507d7828069d27cbc3de9a4f5f22a24f8273d9f27a312b5befc8f,1,2019-10-18 08:16:18,https://www.virustotal.com/file/000030a84bf507d7828069d27cbc3de9a4f5f22a24f8273d9f27a312b5befc8f/analysis/1571386578/,Scan finished  information embedded,000030a84bf507d7828069d27cbc3de9a4f5f22a24f8273d9f27a312b5befc8f,30,58,676a6982d8efbb0af3baf7ee2f089fd3
00006624911c4dc4f8cadfed1a8b8d1ff00acec89d21d07c39eacb7e842971ce-1571393900,89ad9e1bcfa0dd1005e44bb5d1b41f24653e2e7c,00006624911c4dc4f8cadfed1a8b8d1ff00acec89d21d07c39eacb7e842971ce,1,2019-10-18 10:18:20,https://www.virustotal.com/file/00006624911c4dc4f8cadfed1a8b8d1ff00acec89d21d07c39eacb7e842971ce/analysis/1571393900/,Scan finished  information embedded,00006624911c4dc4f8cadfed1a8b8d1ff00acec89d21d07c39eacb7e842971ce,40,58,4e2b11341de69f6df157904671cc85c2
000042dfa6ce0362d7167fb2b4be775a8d926e852ed6220b992e6b606c706a94-1359532736,95e792f229321061089776cbc6d4977234db4a9c,000042dfa6ce0362d7167fb2b4be775a8d926e852ed6220b992e6b606c706a94,1,2013-01-30 07:58:56,https://www.virustotal.com/file/000042dfa6ce0362d7167fb2b4be775a8d926e852ed6220b992e6b606c706a94/analysis/1359532736/,Scan finished  information embedded,000042dfa6ce0362d7167fb2b4be775a8d926e852ed6220b992e6b606c706a94,33,46,5d499d6763671dae774e6160fd526de9
0000064282170391484034e353e3fb38a2b1374e44fc374283fb118fbd95e772-1287477006,92abfe2e3995e79bd9e2f3a94b5d1fe3efbadfed,0000064282170391484034e353e3fb38a2b1374e44fc374283fb118fbd95e772,1,2010-10-19 08:30:06,https://www.virustotal.com/file/0000064282170391484034e353e3fb38a2b1374e44fc374283fb118fbd95e772/analysis/1287477006/,Scan finished  information embedded,0000064282170391484034e353e3fb38a2b1374e44fc374283fb118fbd95e772,32,43,a0a1c262b95217e11a5081685e1df01d
00007f706f07c9c86a1f59ccc17e97a55cea68b677e581b491c8f4433fb4ca69-1351031214,0df82743747a06ee4c53a73effc02e81b1df2f51,00007f706f07c9c86a1f59ccc17e97a55cea68b677e581b491c8f4433fb4ca69,1,2012-10-23 22:26:54,https://www.virustotal.com/file/00007f706f07c9c86a1f59ccc17e97a55cea68b677e581b491c8f4433fb4ca69/analysis/1351031214/,Scan finished  information embedded,00007f706f07c9c86a1f59ccc17e97a55cea68b677e581b491c8f4433fb4ca69,37,43,3e5ded97e81160b26fd72a94646cdb11
0000661a95a081c5b3e508598e492550abfef8e67bcb6ed046123f0c41eea392-1514979569,191c8a0855e7013755ec32eb92e246b95f77ea80,0000661a95a081c5b3e508598e492550abfef8e67bcb6ed046123f0c41eea392,1,2018-01-03 11:39:29,https://www.virustotal.com/file/0000661a95a081c5b3e508598e492550abfef8e67bcb6ed046123f0c41eea392/analysis/1514979569/,Scan finished  information embedded,0000661a95a081c5b3e508598e492550abfef8e67bcb6ed046123f0c41eea392,4,67,5d22e7f8101ba79f1a466dfbdb2239d0
0000c94edd7f6f778b0238f53733aeed4438466ad25b5355b54ebee3692e0ebf-1448046608,1cb8775c225ea9a20000094d60c178659ad6f5b9,0000c94edd7f6f778b0238f53733aeed4438466ad25b5355b54ebee3692e0ebf,1,2015-11-20 19:10:08,https://www.virustotal.com/file/0000c94edd7f6f778b0238f53733aeed4438466ad25b5355b54ebee3692e0ebf/analysis/1448046608/,Scan finished  information embedded,0000c94edd7f6f778b0238f53733aeed4438466ad25b5355b54ebee3692e0ebf,33,54,2361c93679ea40571ea7be065bb52470
00005fd19ef0b173a3f3980e0d99207784a6a936d4ab74cd915237ff8c73e648-1281444390,215da3f95ec623020856399dae6e17706e42cabf,00005fd19ef0b173a3f3980e0d99207784a6a936d4ab74cd915237ff8c73e648,1,2010-08-10 12:46:30,https://www.virustotal.com/file/00005fd19ef0b173a3f3980e0d99207784a6a936d4ab74cd915237ff8c73e648/analysis/1281444390/,Scan finished  information embedded,00005fd19ef0b173a3f3980e0d99207784a6a936d4ab74cd915237ff8c73e648,30,42,a9cb92c27569246c5aa77fd4b27b049e
000040123df387dfbbb46132e26ce74a75d3935e5a04656e48ebb882107e953f-1573179248,da688385842395a4e360143c6f5319820479da8a,000040123df387dfbbb46132e26ce74a75d3935e5a04656e48ebb882107e953f,1,2019-11-08 02:14:08,https://www.virustotal.com/file/000040123df387dfbbb46132e26ce74a75d3935e5a04656e48ebb882107e953f/analysis/1573179248/,Scan finished  information embedded,000040123df387dfbbb46132e26ce74a75d3935e5a04656e48ebb882107e953f,0,59,3e1f3a20672de2bc54ca713e046ea3b0
0000aba1b3ea0e53349b8fcdfce2c75c32ef1bf8e24f698881f3ad8bae603fe3-1522299214,d706b5b841a40a71af7b38f6f1fcaba51d7c9e71,0000aba1b3ea0e53349b8fcdfce2c75c32ef1bf8e24f698881f3ad8bae603fe3,1,2018-03-29 04:53:34,https://www.virustotal.com/file/0000aba1b3ea0e53349b8fcdfce2c75c32ef1bf8e24f698881f3ad8bae603fe3/analysis/1522299214/,Scan finished  information embedded,0000aba1b3ea0e53349b8fcdfce2c75c32ef1bf8e24f698881f3ad8bae603fe3,0,60,cee42545a69816809e036cf42156403c
00005b6ba41ce267009e604c51b4445bd3c73a545b97b3b5ee9a7174823bf042-1383588235,d4f2a4b1d1a8678235f29c7c07771cb5925cae66,00005b6ba41ce267009e604c51b4445bd3c73a545b97b3b5ee9a7174823bf042,1,2013-11-04 18:03:55,https://www.virustotal.com/file/00005b6ba41ce267009e604c51b4445bd3c73a545b97b3b5ee9a7174823bf042/analysis/1383588235/,Scan finished  information embedded,00005b6ba41ce267009e604c51b4445bd3c73a545b97b3b5ee9a7174823bf042,24,46,8cf26fc0a337d3a010053b589b5800ad
0000ccf8bc7f5a41da51e9e0a91832fd8809bae34bea6c10684afd3477e19ba8-1514215229,4583fe9f8bf0063f3788b9ec7cf925809751a1b2,0000ccf8bc7f5a41da51e9e0a91832fd8809bae34bea6c10684afd3477e19ba8,1,2017-12-25 15:20:29,https://www.virustotal.com/file/0000ccf8bc7f5a41da51e9e0a91832fd8809bae34bea6c10684afd3477e19ba8/analysis/1514215229/,Scan finished  information embedded,0000ccf8bc7f5a41da51e9e0a91832fd8809bae34bea6c10684afd3477e19ba8,0,63,7fa0c33dc55b49e62f5f476501490ff6
0000dba78e948b34ac5ad2698e98bb3818cb9d43bb68d9ec3afbeb7ae25f63c8-1359532830,d4546a2bf7060208d42ea704fe6904fef9c65204,0000dba78e948b34ac5ad2698e98bb3818cb9d43bb68d9ec3afbeb7ae25f63c8,1,2013-01-30 08:00:30,https://www.virustotal.com/file/0000dba78e948b34ac5ad2698e98bb3818cb9d43bb68d9ec3afbeb7ae25f63c8/analysis/1359532830/,Scan finished  information embedded,0000dba78e948b34ac5ad2698e98bb3818cb9d43bb68d9ec3afbeb7ae25f63c8,41,46,d019a975f75928ade982bcbaf9ba4e5e
000071535e40bbc40ea2adc5866925e2f333d93bae5f378a78a2b8e9d94f1057-1555742361,e8f3facc968690f6b8d7b4730c12a1867d7f0f67,000071535e40bbc40ea2adc5866925e2f333d93bae5f378a78a2b8e9d94f1057,1,2019-04-20 06:39:21,https://www.virustotal.com/file/000071535e40bbc40ea2adc5866925e2f333d93bae5f378a78a2b8e9d94f1057/analysis/1555742361/,Scan finished  information embedded,000071535e40bbc40ea2adc5866925e2f333d93bae5f378a78a2b8e9d94f1057,33,57,44401f3c731eaee0a911a6af70b53a3d
0000bab3bff0bbe9cd293154bc1ccec03d2cf92d29e89cc7f365b6cbcfdb6db8-1569080255,c32b24793aa86f66786be8ebd7b84b34757e882a,0000bab3bff0bbe9cd293154bc1ccec03d2cf92d29e89cc7f365b6cbcfdb6db8,1,2019-09-21 15:37:35,https://www.virustotal.com/file/0000bab3bff0bbe9cd293154bc1ccec03d2cf92d29e89cc7f365b6cbcfdb6db8/analysis/1569080255/,Scan finished  information embedded,0000bab3bff0bbe9cd293154bc1ccec03d2cf92d29e89cc7f365b6cbcfdb6db8,0,63,3f55e7d4e08bc4f23af76d66b354274b
00006a949178eabb448a95205c56cde902a60050168877044489468200ebe748-1497259745,39a14edb2880a21fa730a923d6eb4eb8b2589036,00006a949178eabb448a95205c56cde902a60050168877044489468200ebe748,1,2017-06-12 09:29:05,https://www.virustotal.com/file/00006a949178eabb448a95205c56cde902a60050168877044489468200ebe748/analysis/1497259745/,Scan finished  information embedded,00006a949178eabb448a95205c56cde902a60050168877044489468200ebe748,0,59,a43ba364e733ddf860385bfad4b141e4
000086c5033abc0798ca7b546fe5b80eab5d65f83e774e7cd525ae9cb689a982-1280683081,48d9ffd53b635498a6ecdf76ba4b1cbd1bfc7f6f,000086c5033abc0798ca7b546fe5b80eab5d65f83e774e7cd525ae9cb689a982,1,2010-08-01 17:18:01,https://www.virustotal.com/file/000086c5033abc0798ca7b546fe5b80eab5d65f83e774e7cd525ae9cb689a982/analysis/1280683081/,Scan finished  information embedded,000086c5033abc0798ca7b546fe5b80eab5d65f83e774e7cd525ae9cb689a982,11,42,8daaacdf2ae345aa25fc5aca6c795fc6
0000640be8654942b4fce127821e7d7adc7d4ed9fe29857714eb511481a9f0f3-1461718328,8e490c2c23068a790edee98bedb78f28d9da5b3c,0000640be8654942b4fce127821e7d7adc7d4ed9fe29857714eb511481a9f0f3,1,2016-04-27 00:52:08,https://www.virustotal.com/file/0000640be8654942b4fce127821e7d7adc7d4ed9fe29857714eb511481a9f0f3/analysis/1461718328/,Scan finished  information embedded,0000640be8654942b4fce127821e7d7adc7d4ed9fe29857714eb511481a9f0f3,46,57,f8bcb553746bacc79041d8ad3876d4b4
00008ff04841697bdbf87680730c1f1adcc7000e334bc5390f7f4b2404fbee67-1548208261,e6517dba755c049af34e9d96af702e39c5782441,00008ff04841697bdbf87680730c1f1adcc7000e334bc5390f7f4b2404fbee67,1,2019-01-23 01:51:01,https://www.virustotal.com/file/00008ff04841697bdbf87680730c1f1adcc7000e334bc5390f7f4b2404fbee67/analysis/1548208261/,Scan finished  information embedded,00008ff04841697bdbf87680730c1f1adcc7000e334bc5390f7f4b2404fbee67,59,70,000dcde3706786e0af06f2ad4b6b2a03
000097ef5f72dd1da7fa5092618ec5309012b04c5602815aedac494a76013819-1359532777,364eddd53ef637df932470583bcb2649a5dc5045,000097ef5f72dd1da7fa5092618ec5309012b04c5602815aedac494a76013819,1,2013-01-30 07:59:37,https://www.virustotal.com/file/000097ef5f72dd1da7fa5092618ec5309012b04c5602815aedac494a76013819/analysis/1359532777/,Scan finished  information embedded,000097ef5f72dd1da7fa5092618ec5309012b04c5602815aedac494a76013819,33,46,23f2dbcd34954651b8152e6b4c6248f5
000039bca5c0f3722e746a44942308184552c046b6d24c2417db78f3a9ea8c7d-1573173167,499e002d79083c299b565e0af94d21269fec0685,000039bca5c0f3722e746a44942308184552c046b6d24c2417db78f3a9ea8c7d,1,2019-11-08 00:32:47,https://www.virustotal.com/file/000039bca5c0f3722e746a44942308184552c046b6d24c2417db78f3a9ea8c7d/analysis/1573173167/,Scan finished  information embedded,000039bca5c0f3722e746a44942308184552c046b6d24c2417db78f3a9ea8c7d,0,61,625265cabff50b1ef762f73c6994f5b2
0000ac8e1de72fe915b4b978ce8801c032cd9c0681d26476a6dc9b6697a77f6b-1354796925,57f81f7c209c8ae3bb0bd9ffc8afd7f47eaa9a7a,0000ac8e1de72fe915b4b978ce8801c032cd9c0681d26476a6dc9b6697a77f6b,1,2012-12-06 12:28:45,https://www.virustotal.com/file/0000ac8e1de72fe915b4b978ce8801c032cd9c0681d26476a6dc9b6697a77f6b/analysis/1354796925/,Scan finished  information embedded,0000ac8e1de72fe915b4b978ce8801c032cd9c0681d26476a6dc9b6697a77f6b,44,46,799c7d4e6e62254f94fe5c9de51835e2
00006c25aaa762d7ca768dd7ef9f1ae89bfd9ee7fd9f770fb19340220f4f96cc-1459303214,7ad53116e156fb0ebb582e206d5d24d6b05acd6b,00006c25aaa762d7ca768dd7ef9f1ae89bfd9ee7fd9f770fb19340220f4f96cc,1,2016-03-30 02:00:14,https://www.virustotal.com/file/00006c25aaa762d7ca768dd7ef9f1ae89bfd9ee7fd9f770fb19340220f4f96cc/analysis/1459303214/,Scan finished  information embedded,00006c25aaa762d7ca768dd7ef9f1ae89bfd9ee7fd9f770fb19340220f4f96cc,34,57,5a65fbf5801191549be46122ca27a050
00001829b2d2de9f2e76d1b2527b5a92ce5edc70dff55f777bfbd5b4dc7088e4-1539843177,ca2910f1ebc5cb7026ee1e26d6b5281a0f0ea1cb,00001829b2d2de9f2e76d1b2527b5a92ce5edc70dff55f777bfbd5b4dc7088e4,1,2018-10-18 06:12:57,https://www.virustotal.com/file/00001829b2d2de9f2e76d1b2527b5a92ce5edc70dff55f777bfbd5b4dc7088e4/analysis/1539843177/,Scan finished  information embedded,00001829b2d2de9f2e76d1b2527b5a92ce5edc70dff55f777bfbd5b4dc7088e4,37,57,dd618d2de6e8d5fd8574d32be504621e
00000b67e9cf13d5ea82b14e061568852c697848e5941fe742d1cbefdec78cb1-1552604226,6787dd389b141307f52786ea7bd503f25b26949a,00000b67e9cf13d5ea82b14e061568852c697848e5941fe742d1cbefdec78cb1,1,2019-03-14 22:57:06,https://www.virustotal.com/file/00000b67e9cf13d5ea82b14e061568852c697848e5941fe742d1cbefdec78cb1/analysis/1552604226/,Scan finished  information embedded,00000b67e9cf13d5ea82b14e061568852c697848e5941fe742d1cbefdec78cb1,34,54,eb4e1bbd22454c725d29094cbf21b217
0000864ff8a32a05891fababe216ea13567350eb03a16ff956b749691de94708-1359532764,56a0864bf900f9b41f11931b3b91f1b1e3ec6a2e,0000864ff8a32a05891fababe216ea13567350eb03a16ff956b749691de94708,1,2013-01-30 07:59:24,https://www.virustotal.com/file/0000864ff8a32a05891fababe216ea13567350eb03a16ff956b749691de94708/analysis/1359532764/,Scan finished  information embedded,0000864ff8a32a05891fababe216ea13567350eb03a16ff956b749691de94708,8,46,4c24ff7ea573693b5ee423d2cbd1da7f
00001ac7364e668f1ddc9906887edf0c8f7230830b864db6179075ac9c0a6892-1557366954,289413c97d0a07414e7686fbcbdfe4b4ea7364a8,00001ac7364e668f1ddc9906887edf0c8f7230830b864db6179075ac9c0a6892,1,2019-05-09 01:55:54,https://www.virustotal.com/file/00001ac7364e668f1ddc9906887edf0c8f7230830b864db6179075ac9c0a6892/analysis/1557366954/,Scan finished  information embedded,00001ac7364e668f1ddc9906887edf0c8f7230830b864db6179075ac9c0a6892,9,61,b55b2fad731b9b019e3c8d5f91d4e4e2
0000f87880909d5854ccc0abd050f17e96215169d80ef14dadd35801e2945c82-1359532854,4a3cbbc6370955ce3c96188752a2bb41fccb2ab2,0000f87880909d5854ccc0abd050f17e96215169d80ef14dadd35801e2945c82,1,2013-01-30 08:00:54,https://www.virustotal.com/file/0000f87880909d5854ccc0abd050f17e96215169d80ef14dadd35801e2945c82/analysis/1359532854/,Scan finished  information embedded,0000f87880909d5854ccc0abd050f17e96215169d80ef14dadd35801e2945c82,38,46,7fc2c66bf4db329dd435f24d8f6a007e
0000a4f24eb9b18feb6d337fd2898040e1607fed38ca79b48f341ea5784986fa-1374632481,bf51cb925cd25617e4afdb462a5903ba5841c04c,0000a4f24eb9b18feb6d337fd2898040e1607fed38ca79b48f341ea5784986fa,1,2013-07-24 02:21:21,https://www.virustotal.com/file/0000a4f24eb9b18feb6d337fd2898040e1607fed38ca79b48f341ea5784986fa/analysis/1374632481/,Scan finished  information embedded,0000a4f24eb9b18feb6d337fd2898040e1607fed38ca79b48f341ea5784986fa,42,47,cca9a950cc52eac2d5429f6db55af4bf
0000280440c145d1b0cdaa2ef6dde37ef82435eeb73719353e46169fd9f16eda-1461718304,4c4a2d3b4c0f2b855cca42187b7a49592fa0a013,0000280440c145d1b0cdaa2ef6dde37ef82435eeb73719353e46169fd9f16eda,1,2016-04-27 00:51:44,https://www.virustotal.com/file/0000280440c145d1b0cdaa2ef6dde37ef82435eeb73719353e46169fd9f16eda/analysis/1461718304/,Scan finished  information embedded,0000280440c145d1b0cdaa2ef6dde37ef82435eeb73719353e46169fd9f16eda,54,57,c4f3db923e98bf99de86e11eaad019e8
0000cc019b796a62c0e740a6e497bb9d7202793967606e932718f90e2a010aaa-1401958783,d4240477967d5af30d7dc9a3595cbf4086408e41,0000cc019b796a62c0e740a6e497bb9d7202793967606e932718f90e2a010aaa,1,2014-06-05 08:59:43,https://www.virustotal.com/file/0000cc019b796a62c0e740a6e497bb9d7202793967606e932718f90e2a010aaa/analysis/1401958783/,Scan finished  information embedded,0000cc019b796a62c0e740a6e497bb9d7202793967606e932718f90e2a010aaa,26,47,ae5937224c6f8ff861a7e5a3453f7710
00000989f3e215ba9fc3bdd5b56af751343b540c1026bf42aea8febf68874ecc-1573177182,81ea59fe2c95edef3662caf165ff36ab410fa158,00000989f3e215ba9fc3bdd5b56af751343b540c1026bf42aea8febf68874ecc,1,2019-11-08 01:39:42,https://www.virustotal.com/file/00000989f3e215ba9fc3bdd5b56af751343b540c1026bf42aea8febf68874ecc/analysis/1573177182/,Scan finished  information embedded,00000989f3e215ba9fc3bdd5b56af751343b540c1026bf42aea8febf68874ecc,0,62,71fff1ba55d7f6bf0ab00c15f6b5bc99
0000f2e4254c44349dc317de3ca858930ed8a4951e3256679a0d47d6de268963-1469041635,c33684f41376617693ce6fb3137b2d836070f13d,0000f2e4254c44349dc317de3ca858930ed8a4951e3256679a0d47d6de268963,1,2016-07-20 19:07:15,https://www.virustotal.com/file/0000f2e4254c44349dc317de3ca858930ed8a4951e3256679a0d47d6de268963/analysis/1469041635/,Scan finished  information embedded,0000f2e4254c44349dc317de3ca858930ed8a4951e3256679a0d47d6de268963,46,53,d90d644dc87db148e2e543f884910422
000019911f02cb0daaf281eb8f7ed3cf52cc8db377816ca9b3e42c8aaa227f78-1572617982,0478265973b0c8132be53b192ad6fe4a9da18ad4,000019911F02CB0DAAF281EB8F7ED3CF52CC8DB377816CA9B3E42C8AAA227F78,1,2019-11-01 14:19:42,https://www.virustotal.com/file/000019911f02cb0daaf281eb8f7ed3cf52cc8db377816ca9b3e42c8aaa227f78/analysis/1572617982/,Scan finished  information embedded,000019911f02cb0daaf281eb8f7ed3cf52cc8db377816ca9b3e42c8aaa227f78,1,61,496122cf4f68715d795023c23a7111d5
00009c58545b6b6fa22f5c2be900abb1b4029acf7ac57196d97fd1c0298886e2-1575183988,265229265d90e9ad893eef86c5f4ba5f33b0798c,00009C58545B6B6FA22F5C2BE900ABB1B4029ACF7AC57196D97FD1C0298886E2,1,2019-12-01 07:06:28,https://www.virustotal.com/file/00009c58545b6b6fa22f5c2be900abb1b4029acf7ac57196d97fd1c0298886e2/analysis/1575183988/,Scan finished  information embedded,00009c58545b6b6fa22f5c2be900abb1b4029acf7ac57196d97fd1c0298886e2,8,62,a78bf4102ddbc20acdb0bb1682de703d
00009d0b2f475234e3ee4c80f2d442c8480f59dc82c81f4bdc19550410998f64-1572272808,93a8bffbb601261a84f18259f9be58bbdff54f3c,00009d0b2f475234e3ee4c80f2d442c8480f59dc82c81f4bdc19550410998f64,1,2019-10-28 14:26:48,https://www.virustotal.com/file/00009d0b2f475234e3ee4c80f2d442c8480f59dc82c81f4bdc19550410998f64/analysis/1572272808/,Scan finished  information embedded,00009d0b2f475234e3ee4c80f2d442c8480f59dc82c81f4bdc19550410998f64,0,59,4d2b56b2e5437b126c2b0980c599e8c9
000036ed3a53a6333807e9352b0f308cc289e6a2d42bd986ff5cb7c361ac6545-1461718310,cab2b668885677517295da4d0ef93f12d0a2f805,000036ed3a53a6333807e9352b0f308cc289e6a2d42bd986ff5cb7c361ac6545,1,2016-04-27 00:51:50,https://www.virustotal.com/file/000036ed3a53a6333807e9352b0f308cc289e6a2d42bd986ff5cb7c361ac6545/analysis/1461718310/,Scan finished  information embedded,000036ed3a53a6333807e9352b0f308cc289e6a2d42bd986ff5cb7c361ac6545,48,57,726ccb45f1be4f32a66339c28778cda1
0000f0a4eb15d07234a8d12a1394a638b427b2f79237863ba2b16bb77669e0eb-1359687264,d361bf0d4b7fd0ff1eb7cdb6a74b766fc771f79f,0000f0a4eb15d07234a8d12a1394a638b427b2f79237863ba2b16bb77669e0eb,1,2013-02-01 02:54:24,https://www.virustotal.com/file/0000f0a4eb15d07234a8d12a1394a638b427b2f79237863ba2b16bb77669e0eb/analysis/1359687264/,Scan finished  information embedded,0000f0a4eb15d07234a8d12a1394a638b427b2f79237863ba2b16bb77669e0eb,15,45,a646e081a8504f40aa6336db52121254
000090599aaf6ce4a9dc3deb1b956d9fc2d2bf1fa8d5f067006b5761b9ff66f6-1243789955,25abde1e14b6f7c0bf1d52b6747e713487271ed2,000090599aaf6ce4a9dc3deb1b956d9fc2d2bf1fa8d5f067006b5761b9ff66f6,1,2009-05-31 17:12:35,https://www.virustotal.com/file/000090599aaf6ce4a9dc3deb1b956d9fc2d2bf1fa8d5f067006b5761b9ff66f6/analysis/1243789955/,Scan finished  information embedded,000090599aaf6ce4a9dc3deb1b956d9fc2d2bf1fa8d5f067006b5761b9ff66f6,9,40,796c872741e7383ad3e24501ea6db435
00003c7d8afe1a74613e80a19920bce74a61ce37df9146fb062c8be8ff90e71f-1573180112,3d8e5a88b73db37e011ce6a4b6adb9d9cbb8456b,00003c7d8afe1a74613e80a19920bce74a61ce37df9146fb062c8be8ff90e71f,1,2019-11-08 02:28:32,https://www.virustotal.com/file/00003c7d8afe1a74613e80a19920bce74a61ce37df9146fb062c8be8ff90e71f/analysis/1573180112/,Scan finished  information embedded,00003c7d8afe1a74613e80a19920bce74a61ce37df9146fb062c8be8ff90e71f,0,62,c9dd0c4473baa3f926cea1f7f8b8b99d
0000f1174eafca4e6aa2b098a5052bd09e0a7eeb69927eec25fdfd6bfba231c1-1547046400,c682b14be54a11856abef3dd0b58a16cbb82e1f2,0000f1174eafca4e6aa2b098a5052bd09e0a7eeb69927eec25fdfd6bfba231c1,1,2019-01-09 15:06:40,https://www.virustotal.com/file/0000f1174eafca4e6aa2b098a5052bd09e0a7eeb69927eec25fdfd6bfba231c1/analysis/1547046400/,Scan finished  information embedded,0000f1174eafca4e6aa2b098a5052bd09e0a7eeb69927eec25fdfd6bfba231c1,41,68,0bb6250857433138cd4a755d6bbd95a6
0000abe9df732abf0dfcb9bf5bcf78f935454cdc17867afc1a73e74e931c3185-1497259747,c01dbc9ef3b6882e8877fa2c5d5712e731103072,0000abe9df732abf0dfcb9bf5bcf78f935454cdc17867afc1a73e74e931c3185,1,2017-06-12 09:29:07,https://www.virustotal.com/file/0000abe9df732abf0dfcb9bf5bcf78f935454cdc17867afc1a73e74e931c3185/analysis/1497259747/,Scan finished  information embedded,0000abe9df732abf0dfcb9bf5bcf78f935454cdc17867afc1a73e74e931c3185,0,59,0c59684ee964391117158dac19d7a8d9
0000003b455a6c7af837ef90f2eaffd856e3b5cf49f5e27191430328de2fa670-1565257563,9c14d537a7adb4cfc43d291352f73e05e0ccdd4a,0000003b455a6c7af837ef90f2eaffd856e3b5cf49f5e27191430328de2fa670,1,2019-08-08 09:46:03,https://www.virustotal.com/file/0000003b455a6c7af837ef90f2eaffd856e3b5cf49f5e27191430328de2fa670/analysis/1565257563/,Scan finished  information embedded,0000003b455a6c7af837ef90f2eaffd856e3b5cf49f5e27191430328de2fa670,1,53,3edfc78ab53521942798ad551027d04f
0000237117863e534ceec544bc9460f09b542d48260c2e045174d03e65ad5c28-1538988349,207951809cab2d495bf64a407b13dfb691088d4f,0000237117863e534ceec544bc9460f09b542d48260c2e045174d03e65ad5c28,1,2018-10-08 08:45:49,https://www.virustotal.com/file/0000237117863e534ceec544bc9460f09b542d48260c2e045174d03e65ad5c28/analysis/1538988349/,Scan finished  information embedded,0000237117863e534ceec544bc9460f09b542d48260c2e045174d03e65ad5c28,30,62,e0f25b20ee2057958fc8999372f049ec
00004e66bb318b7b8155d67272a35a5b84130521eb8bd896b913f3b6417b6e3e-1573175102,fe30474609415e2adf702b01b71a847aad0792cd,00004e66bb318b7b8155d67272a35a5b84130521eb8bd896b913f3b6417b6e3e,1,2019-11-08 01:05:02,https://www.virustotal.com/file/00004e66bb318b7b8155d67272a35a5b84130521eb8bd896b913f3b6417b6e3e/analysis/1573175102/,Scan finished  information embedded,00004e66bb318b7b8155d67272a35a5b84130521eb8bd896b913f3b6417b6e3e,0,61,682b865e1d1a0bcfa33aee60221adfe9
0000bd639f0d52201a288d266226c14754c4b3000723e5f51c97d6cd5cdc5dd1-1497259750,1ff7f0dc3cc48a42509e1a812fd583997067df55,0000bd639f0d52201a288d266226c14754c4b3000723e5f51c97d6cd5cdc5dd1,1,2017-06-12 09:29:10,https://www.virustotal.com/file/0000bd639f0d52201a288d266226c14754c4b3000723e5f51c97d6cd5cdc5dd1/analysis/1497259750/,Scan finished  information embedded,0000bd639f0d52201a288d266226c14754c4b3000723e5f51c97d6cd5cdc5dd1,0,59,c334409dee374676fd9720b8fc741a7b
0000a053de676b4d381cc35632d0e5ab67c098bd2c8fb55571750c07f888c465-1569349361,24829463d870f1ba686b522657d71aa50d1f00ae,0000a053de676b4d381cc35632d0e5ab67c098bd2c8fb55571750c07f888c465,1,2019-09-24 18:22:41,https://www.virustotal.com/file/0000a053de676b4d381cc35632d0e5ab67c098bd2c8fb55571750c07f888c465/analysis/1569349361/,Scan finished  information embedded,0000a053de676b4d381cc35632d0e5ab67c098bd2c8fb55571750c07f888c465,18,61,577cafb25ce2cfe9cded41c152be6afc
000087b0dd97978cd45fb933d075938713afc4f01acbefd3c3275934ffe3c428-1396985049,6b6a45dc6fc87d04d17a6b63b2096b00c4a7195e,000087b0dd97978cd45fb933d075938713afc4f01acbefd3c3275934ffe3c428,1,2014-04-08 19:24:09,https://www.virustotal.com/file/000087b0dd97978cd45fb933d075938713afc4f01acbefd3c3275934ffe3c428/analysis/1396985049/,Scan finished  information embedded,000087b0dd97978cd45fb933d075938713afc4f01acbefd3c3275934ffe3c428,44,48,94ec8699c018898a887966de7521ec8c
0000b9d333e69b42ecef95bece3cae0c3b845b706e953db7b1a659e210a0e023-1359532792,7657c1666aa80e96449eefe0d85656a54879ea55,0000b9d333e69b42ecef95bece3cae0c3b845b706e953db7b1a659e210a0e023,1,2013-01-30 07:59:52,https://www.virustotal.com/file/0000b9d333e69b42ecef95bece3cae0c3b845b706e953db7b1a659e210a0e023/analysis/1359532792/,Scan finished  information embedded,0000b9d333e69b42ecef95bece3cae0c3b845b706e953db7b1a659e210a0e023,30,46,ca70e96ae04592b0d97bd3214fa62c7b
0000cb913782a7cf7cd439e8606ff6a8b37643ec3d60bdf819188e44ea12eebf-1566019853,f148c6f30acc63d262e1cc61c586ecf5b09f46c4,0000CB913782A7CF7CD439E8606FF6A8B37643EC3D60BDF819188E44EA12EEBF,1,2019-08-17 05:30:53,https://www.virustotal.com/file/0000cb913782a7cf7cd439e8606ff6a8b37643ec3d60bdf819188e44ea12eebf/analysis/1566019853/,Scan finished  information embedded,0000cb913782a7cf7cd439e8606ff6a8b37643ec3d60bdf819188e44ea12eebf,0,57,9ac10013caa482a255d3098dfbd0f9d7
0000bf5861ec5f152669816517b83043f2dc8ad1ad7a6cddcec930d531e6f9ee-1359532822,7be639dbde158d07c32200d29c50fe5d155a4889,0000bf5861ec5f152669816517b83043f2dc8ad1ad7a6cddcec930d531e6f9ee,1,2013-01-30 08:00:22,https://www.virustotal.com/file/0000bf5861ec5f152669816517b83043f2dc8ad1ad7a6cddcec930d531e6f9ee/analysis/1359532822/,Scan finished  information embedded,0000bf5861ec5f152669816517b83043f2dc8ad1ad7a6cddcec930d531e6f9ee,41,45,ea21c760241804e76149954dee52f159
0000143ef8d00e3a65c5c8c380221d00678fed906fdc2ebc483d1987457c7b2b-1580054574,daf886288eb27f9c0b866eb19a357e1e866af4dc,0000143ef8d00e3a65c5c8c380221d00678fed906fdc2ebc483d1987457c7b2b,1,2020-01-26 16:02:54,https://www.virustotal.com/file/0000143ef8d00e3a65c5c8c380221d00678fed906fdc2ebc483d1987457c7b2b/analysis/1580054574/,Scan finished  information embedded,0000143ef8d00e3a65c5c8c380221d00678fed906fdc2ebc483d1987457c7b2b,0,63,2c640dd9fe09fac938f4282c24942516
00001f18f6bb9a3ea3dbe0aa9bb997a55b43122b18d54a848a2f17e154caa262-1546977120,f5571e0c446c139564ed48d8051023bbcf6bddc4,00001f18f6bb9a3ea3dbe0aa9bb997a55b43122b18d54a848a2f17e154caa262,1,2019-01-08 19:52:00,https://www.virustotal.com/file/00001f18f6bb9a3ea3dbe0aa9bb997a55b43122b18d54a848a2f17e154caa262/analysis/1546977120/,Scan finished  information embedded,00001f18f6bb9a3ea3dbe0aa9bb997a55b43122b18d54a848a2f17e154caa262,49,68,0ab7bc4cd03b96fd09adffed9a1d3b74
00005ce360664a0e9d0f32ee10a8f8d76dfd2233e35c3976dc98d39e7e8922d1-1520794753,dbca30a48be6f1e3e6a2e3d820939c8075fff59c,00005ce360664a0e9d0f32ee10a8f8d76dfd2233e35c3976dc98d39e7e8922d1,1,2018-03-11 18:59:13,https://www.virustotal.com/file/00005ce360664a0e9d0f32ee10a8f8d76dfd2233e35c3976dc98d39e7e8922d1/analysis/1520794753/,Scan finished  information embedded,00005ce360664a0e9d0f32ee10a8f8d76dfd2233e35c3976dc98d39e7e8922d1,0,62,22cf1eb9d4473623101c7663c0259b17
0000f04acb5dafc4500355834e860b8fd7c14f7509a2a81ef59f3442586b2936-1356409641,ad8faa25d19dce954a5112d4608d95f513366764,0000f04acb5dafc4500355834e860b8fd7c14f7509a2a81ef59f3442586b2936,1,2012-12-25 04:27:21,https://www.virustotal.com/file/0000f04acb5dafc4500355834e860b8fd7c14f7509a2a81ef59f3442586b2936/analysis/1356409641/,Scan finished  information embedded,0000f04acb5dafc4500355834e860b8fd7c14f7509a2a81ef59f3442586b2936,36,46,3c6d04d9427e777693301ff118b61ea1
0000eb75d17b1a38145d1d421e82c0540e738f73c0518a06e69b518e3677344a-1571542372,113e27d5eddfd1f5577416e3b9aad7b33ba43a79,0000eb75d17b1a38145d1d421e82c0540e738f73c0518a06e69b518e3677344a,1,2019-10-20 03:32:52,https://www.virustotal.com/file/0000eb75d17b1a38145d1d421e82c0540e738f73c0518a06e69b518e3677344a/analysis/1571542372/,Scan finished  information embedded,0000eb75d17b1a38145d1d421e82c0540e738f73c0518a06e69b518e3677344a,45,69,902267a4f48c5f2a962c6b51d2a9c131
