,sha256,positives
0,00002e7430262b5d73e4a563d861c017677199ab5c0a7c8bcb89fb4166fa7cc7,59
1,00008ff04841697bdbf87680730c1f1adcc7000e334bc5390f7f4b2404fbee67,59
2,0000a53291b716bc1a88dd21d0976ce5acd74d063eb0f953f8271b6e09d6bec7,57
3,00006240e555a6be9823db8d47c75ba95c05721888046a2d19df12770a487b9b,55
4,00002514605f8ed36cc70549b3c6db5cb51c7b0c95ac642d1327acc5d996d6a2,55
5,0000280440c145d1b0cdaa2ef6dde37ef82435eeb73719353e46169fd9f16eda,54
6,0000047c3e2bb73374dd394e6bab7a273cf58d26c9a7e458b53c1449f86fd8d4,52
7,000016e014b0f7e7a2b05c1d885dc3f6c77c15700da82661d9b32c14ed564f34,51
8,00007aec9059a1bfa9e21cb4937ecd60fbb8b72da0557c9655546c5e4e128cdc,49
9,00001f18f6bb9a3ea3dbe0aa9bb997a55b43122b18d54a848a2f17e154caa262,49
10,0000521d821c947769675402e68b78bccef3178be71d072d6bba7509fce41cdd,49
11,000036ed3a53a6333807e9352b0f308cc289e6a2d42bd986ff5cb7c361ac6545,48
12,0000717222c6a50b494af32110b63638fc0db865e1ef74c0b178cdbcc4506df1,48
13,0000f2e4254c44349dc317de3ca858930ed8a4951e3256679a0d47d6de268963,46
14,0000640be8654942b4fce127821e7d7adc7d4ed9fe29857714eb511481a9f0f3,46
15,00006c3a7dc93ac9dc68ceca8ccff9f574ca2a3b4ee3607200bd8f44937ef623,45
16,0000eb75d17b1a38145d1d421e82c0540e738f73c0518a06e69b518e3677344a,45
17,000087b0dd97978cd45fb933d075938713afc4f01acbefd3c3275934ffe3c428,44
18,000018f82ea7d23db0e90b055aa876b961878828504ba01169a09c706d42e67e,44
19,0000ac8e1de72fe915b4b978ce8801c032cd9c0681d26476a6dc9b6697a77f6b,44
20,0000ac04045b4445a7a91c8f651a4a197b4d850abe688e172985659c4d924137,43
21,0000e2409abd49ace9d98126110f0db76c42fb9da932be55e8561d25e8c62e5b,42
22,0000a4f24eb9b18feb6d337fd2898040e1607fed38ca79b48f341ea5784986fa,42
23,0000bf5861ec5f152669816517b83043f2dc8ad1ad7a6cddcec930d531e6f9ee,41
24,0000f1174eafca4e6aa2b098a5052bd09e0a7eeb69927eec25fdfd6bfba231c1,41
25,0000dba78e948b34ac5ad2698e98bb3818cb9d43bb68d9ec3afbeb7ae25f63c8,41
26,00007a7bc0442ef37645f42fa00a61e93826c170038a1668a0f74abcb9d7655a,40
27,00006624911c4dc4f8cadfed1a8b8d1ff00acec89d21d07c39eacb7e842971ce,40
28,0000eddf809ea3b40156cca6194008c7c221741221d4790e6f477747661fa5df,39
29,000095ec155917ef4fe1aeb82c8ca3f8d2806a53fb95dab6e7ee4caf0b79e46e,38
30,0000efb76611c9027c921a3c11799e11a19253f7a56af1b4fb01d11682395f96,38
31,0000f87880909d5854ccc0abd050f17e96215169d80ef14dadd35801e2945c82,38
32,00007f706f07c9c86a1f59ccc17e97a55cea68b677e581b491c8f4433fb4ca69,37
33,00001829b2d2de9f2e76d1b2527b5a92ce5edc70dff55f777bfbd5b4dc7088e4,37
34,0000668528dd9e5c08bc54a07d2840dc7761660b404eb75819852fe27ae6b88e,37
35,0000e1a0b0caefd82b9e71098e92ee08fa3c47b889108b450712b4d9c3ae4d6e,37
36,00001c214c1d15ce98d00dc06c9a4563a91206d45cd0b0b74bd1a580163b22b5,37
37,0000f04acb5dafc4500355834e860b8fd7c14f7509a2a81ef59f3442586b2936,36
38,000007ddbee390dec0714a622f19b835e3e4bea90bb6ec9160f4857d9abd8205,36
39,000008d822b0e7388cb0592b85642795acfd63057362d51d64c1e5af3e0bc0c9,35
40,0000f8ea296badcb7584ddefe3ddde1ab6fc60629848d45f5a0c87681e033aa7,34
41,00006c25aaa762d7ca768dd7ef9f1ae89bfd9ee7fd9f770fb19340220f4f96cc,34
42,00000b67e9cf13d5ea82b14e061568852c697848e5941fe742d1cbefdec78cb1,34
43,000071535e40bbc40ea2adc5866925e2f333d93bae5f378a78a2b8e9d94f1057,33
44,000097ef5f72dd1da7fa5092618ec5309012b04c5602815aedac494a76013819,33
45,0000c94edd7f6f778b0238f53733aeed4438466ad25b5355b54ebee3692e0ebf,33
46,000042dfa6ce0362d7167fb2b4be775a8d926e852ed6220b992e6b606c706a94,33
47,0000064282170391484034e353e3fb38a2b1374e44fc374283fb118fbd95e772,32
48,0000f35064e3ac4368da8cd60d64b74db1c30e8dd7a45a0ab4e6cad900745572,32
49,00005fd19ef0b173a3f3980e0d99207784a6a936d4ab74cd915237ff8c73e648,30
50,000030a84bf507d7828069d27cbc3de9a4f5f22a24f8273d9f27a312b5befc8f,30
51,0000b9d333e69b42ecef95bece3cae0c3b845b706e953db7b1a659e210a0e023,30
52,0000df9e594cefa36557911af71f6b6024c0a5d1a7e2607e4c3814db96d96a6b,30
53,0000237117863e534ceec544bc9460f09b542d48260c2e045174d03e65ad5c28,30
54,0000f17c166520d043df751970909a30812261af5d36ab6d8cdf5c8327301153,29
55,0000cc019b796a62c0e740a6e497bb9d7202793967606e932718f90e2a010aaa,26
56,00005b6ba41ce267009e604c51b4445bd3c73a545b97b3b5ee9a7174823bf042,24
57,0000fb9153e00d6e2c8cf6a2b82d8b0f1c828080fdeb575dc600a5a49d045f5f,24
58,000080c533df81d0f161e2ed00b95bdc742f8190e7ede4f622e26c15699c4b9f,21
59,0000a053de676b4d381cc35632d0e5ab67c098bd2c8fb55571750c07f888c465,18
60,0000dd28af91dbe557b3ed22ab98e5089dcebbe521e8af608d0f0af63812d997,17
61,0000cd59978cb6ec4fd5d1fba4f25cba0e11c71a4e9d3ff1d1e7065085fd6507,17
62,0000f0a4eb15d07234a8d12a1394a638b427b2f79237863ba2b16bb77669e0eb,15
63,00000211be6e77ff4cf040eb1f82ee6fadb7b1723dcf0f698a7c061f76c9e1d7,12
64,000086c5033abc0798ca7b546fe5b80eab5d65f83e774e7cd525ae9cb689a982,11
65,000090599aaf6ce4a9dc3deb1b956d9fc2d2bf1fa8d5f067006b5761b9ff66f6,9
66,000026e846ffcf60e2a9e135251b4f411300e903dce95d47989b24158e93bb3d,9
67,00001ac7364e668f1ddc9906887edf0c8f7230830b864db6179075ac9c0a6892,9
68,0000864ff8a32a05891fababe216ea13567350eb03a16ff956b749691de94708,8
69,0000716bf3c42807f4f7d11f983cbd0ad3a7bb60c60fceec2141c2df7ecdac03,8
70,00009c58545b6b6fa22f5c2be900abb1b4029acf7ac57196d97fd1c0298886e2,8
71,000080c1f8fd8cd4a208469e5b21518f0106c33ffe21367acb128887ea2a5974,6
72,0000661a95a081c5b3e508598e492550abfef8e67bcb6ed046123f0c41eea392,4
73,0000cf055a25514c0c7b999b5af216dd314c496f8c3b067ac314c4d63292b87e,2
74,00001a21e96c4d131b5dc27897e89d23fc35d6d75a4ce1b15d6d30a4e4fc60f1,2
75,0000f7b1670210d84a55da6126679a0c44d4cbcbb5a26b6d2169a520fb821703,1
76,0000b4fa1bdcc2a2488e4cc60ed4678e13086e0c3a370eb99aa4d23408d8b98b,1
77,00003a3053a69e443d9ebb565adc02901f8daf0f3e293e1f6e4d573799c8e2ff,1
78,000098ea542a141f940cdb53f99a9790f34fe3b2d1d84e693d6c21fc1810d50a,1
79,0000003b455a6c7af837ef90f2eaffd856e3b5cf49f5e27191430328de2fa670,1
80,000019911f02cb0daaf281eb8f7ed3cf52cc8db377816ca9b3e42c8aaa227f78,1
81,00004e66bb318b7b8155d67272a35a5b84130521eb8bd896b913f3b6417b6e3e,0
82,0000d6604af5bd26bdd684eb8ace0a9376ddae175d0dfdadae92739c44e8d041,0
83,00005e488e7136b04778f51a81233329d98f0dd2d11f22e317183cf8809372df,0
84,0000bd639f0d52201a288d266226c14754c4b3000723e5f51c97d6cd5cdc5dd1,0
85,0000ccf86a7a370cb354f439e6518b3042fcd9e33922355c015b8c5663bf2385,0
86,0000205479c9ba53e1b209d5fc484a8b5d12235b83374e70f60c2f02919c5a6d,0
87,0000cb913782a7cf7cd439e8606ff6a8b37643ec3d60bdf819188e44ea12eebf,0
88,0000d76a907441930b5a8fac752a33af8a436ebae15cecdb6b91bb4433bb3c85,0
89,0000143ef8d00e3a65c5c8c380221d00678fed906fdc2ebc483d1987457c7b2b,0
90,00005ce360664a0e9d0f32ee10a8f8d76dfd2233e35c3976dc98d39e7e8922d1,0
91,0000abe9df732abf0dfcb9bf5bcf78f935454cdc17867afc1a73e74e931c3185,0
92,00006a949178eabb448a95205c56cde902a60050168877044489468200ebe748,0
93,00003c7d8afe1a74613e80a19920bce74a61ce37df9146fb062c8be8ff90e71f,0
94,00009d0b2f475234e3ee4c80f2d442c8480f59dc82c81f4bdc19550410998f64,0
95,000040123df387dfbbb46132e26ce74a75d3935e5a04656e48ebb882107e953f,0
96,00000989f3e215ba9fc3bdd5b56af751343b540c1026bf42aea8febf68874ecc,0
97,0000aba1b3ea0e53349b8fcdfce2c75c32ef1bf8e24f698881f3ad8bae603fe3,0
98,000092a8da744fc82d40ac8a6c9a4089f2fec279dac68320a1047948a1f74045,0
99,0000ccf8bc7f5a41da51e9e0a91832fd8809bae34bea6c10684afd3477e19ba8,0
100,0000241b6c550b52927c74c854b7a8d9dba6e86a3576d562001e61fbeb0074f4,0
101,00001112e046d8bbf8b5529a9ecb39920f828209ef4abfeb95aab46d41f56a7d,0
102,0000f858d3c129f8a0980b566c9b94a84350450716f494578745b94e1d6233b0,0
103,0000902ce208c7445beaec0c9496969d7a752d1bf6577db78845f336253e1281,0
104,000039bca5c0f3722e746a44942308184552c046b6d24c2417db78f3a9ea8c7d,0
105,000018022deeaddbacd1e5e2a7942dbb6f48429b7d755d7e021899dae3e99a4f,0
106,0000bab3bff0bbe9cd293154bc1ccec03d2cf92d29e89cc7f365b6cbcfdb6db8,0
107,0000683f5a1f827c69113a8533ed153fe994462ae89fb4bc47a7af6ff208d1b3,0
