IP,label,0,1,2
10.12.45.100,1,0.21483006102504243,0.6035287061498588,-0.21760139453847874
10.13.78.141,1,-0.23676760234299865,0.017788630808943648,-0.013364570309135152
10.12.60.32,1,0.4572133994393297,0.8462032513219165,-0.2271363660500139
10.12.10.102,1,0.41810465376194966,-0.30353056769494613,0.057207790811188305
10.12.1.56,1,0.6873326916535848,0.27365043227802294,0.6838991181411773
10.12.48.33,1,0.5253764373478343,0.871566962414604,-0.42708277759538626
10.12.49.34,1,-0.3586709292442474,0.14909434715841538,0.0033646951926930547
10.12.86.49,1,0.18002845632354605,0.4921848449074419,-0.04527991083188612
10.12.84.39,1,0.40647298187823994,0.38841658307023597,0.22088513705992555
10.12.10.59,1,0.4211220562662686,-0.3607081439767451,-0.06806900706884812
10.12.60.34,1,0.160991607439905,-0.2585076221338315,-0.05155403451374262
10.12.44.138,1,0.8241870402412631,-0.40696372676001186,-0.08157400868975628
10.12.49.58,1,-0.05769723264511052,0.4090598680449595,0.44514930729526403
10.12.84.39,1,0.02022211553042879,-0.1508757537034012,0.0129533280414721
10.12.28.60,1,0.680430877152875,0.34838404952265967,-0.10875138566115598
10.12.44.180,1,0.6333556549459761,0.9023752470349541,-0.4193755728222777
10.13.78.141,1,-0.22003362357015457,0.002168930473856843,-0.0154019511266991
10.13.78.141,1,-0.23575957891724558,0.016834025487719197,-0.013488799746051954
10.12.84.39,1,0.3725070379705695,0.2879481560094116,0.2567795356112447
10.12.2.51,1,-0.3676171911949539,0.16027777415316313,0.004760492030146944
10.12.45.149,1,0.6930332410911424,0.8448140339339163,-0.4426897722333197
10.12.1.2,1,0.7065566512863316,0.5389296738902324,-0.10417297489474735
10.12.88.78,1,-0.007435839475602964,0.5071571258874786,0.22600630374224132
10.13.129.65,1,-0.25115924596991324,0.031616836151769516,-0.011570424120571642
10.12.1.195,1,0.8754916398858088,-0.4005130819504242,-0.08196337845813999
10.12.90.53,1,0.29342050949113613,0.6245398328749492,-0.14322417102322305
10.12.90.48,1,-0.23690753737101053,0.01792135577566481,-0.01334783486366387
10.12.49.47,1,0.04548582094598716,0.28484763043781763,0.11063502993505867
10.12.49.52,1,-0.21181604482571847,0.0058500817624098055,0.0028285879540743035
10.12.45.74,1,0.018813973126563754,-0.16084862096755548,-0.004438766039253254
10.12.28.37,1,0.5802520084423429,0.4833559766605888,0.345062144548756
10.12.1.56,1,0.5291646845479667,0.4059051670454589,0.7899671523989318
10.12.45.239,1,0.4971158730745029,0.33835731593934704,0.30706542532656644
10.12.45.130,1,-0.2481491026168028,0.028693285472526482,-0.011949142706567994
10.12.1.56,1,0.6893676090103246,0.26334888809484264,0.679352148292941
10.12.44.230,1,0.3885197517155581,0.848452033606741,-0.2511303540295888
10.12.60.71,1,-0.04610839739121728,0.4514553924110401,0.34423000999393344
10.12.10.108,1,0.6469765713011032,0.7156747435169712,-0.27562366119624443
10.12.44.178,1,0.4157685564520279,0.7705896068293043,-0.09490829815523943
10.12.20.54,1,0.1504371163870329,-0.2532119930340427,-0.05076037449548926
10.12.28.40,1,0.28331600906800847,-0.313239188483982,-0.06003321708603055
10.12.44.77,1,0.8112798108760131,0.4391593697860416,-0.044016633873474174
10.12.44.88,1,0.5439489954249744,0.6550129066130157,-0.1539358587676093
10.12.20.48,1,0.5105835466743286,-0.37416700229719563,-0.052765657243697535
10.12.90.55,1,0.3886713444682601,0.3857632629359699,-0.04842846576134425
10.12.28.37,1,0.675982453644449,0.8910734678137112,-0.4705834501998619
10.12.56.33,1,-0.3676170538352245,0.1602776501696271,0.004759808351380823
10.12.28.38,1,0.6699606655220562,0.877318649812566,-0.4882270476859909
10.12.49.38,1,-0.36761746082649416,0.16027819945684363,0.004762658770645121
10.12.49.63,1,-0.2184862534098202,0.0007485646262059861,-0.015587835334719635
10.12.45.113,1,-0.23088014201764745,0.012238329210032536,-0.014087442202518723
10.12.90.66,1,0.7968455030210134,-0.018592848467756933,0.42385622854321514
10.12.88.90,1,-0.3676173982844926,0.16027805097680536,0.004761930304911282
10.12.1.56,1,0.5462031864787952,0.33442546114226346,0.7786710605887638
10.12.90.38,1,0.685096693082666,-0.40845198258577897,-0.07879500440584693
10.12.49.42,1,-0.23595790533384275,0.026888316604310854,0.002798976579964096
10.12.44.94,1,0.5014791480285412,-0.38146279575966463,-0.07200427773633152
10.12.36.35,1,0.4861023660280678,0.7975044646043243,-0.22791391837778088
10.12.49.41,1,-0.36761696799621324,0.160277584356866,0.004759433994791395
10.12.10.103,1,0.5663514825525495,-0.015546788045785244,0.16163726163119266
10.12.45.149,1,-0.23865587424698043,0.02888041908703198,0.002192847672070857
10.12.45.42,1,0.6285262855978061,0.6364742596247215,-0.1513721994398713
10.12.64.36,1,0.492374386446269,0.7917833174495049,-0.4363167901875841
10.12.88.187,1,0.018813973126563754,-0.16084862096755548,-0.004438766039253254
10.12.88.180,1,0.8162501341356545,-0.1454416401017632,0.32583145933612795
10.12.24.30,1,0.24788872373103116,-0.29862600561431224,-0.05771561607968193
10.14.96.94,1,-0.23405333278608256,0.015222318976997322,-0.013699037611874854
10.12.1.17,1,-0.26283882447783147,0.27461414910683507,0.25226145949728573
10.12.10.59,1,0.5875485004649815,0.39236368817946476,0.3353280977511582
10.12.52.60,1,-0.048027445000215,0.17225421092633614,0.3567667642225335
10.12.88.43,1,-0.36761700836609934,0.16027761441014068,0.004759605981656054
10.12.45.42,1,-0.11497956967251913,0.18102836356260407,0.3088649784337669
10.14.96.94,1,-0.24568074944050372,0.026308364836138465,-0.012257916098749617
10.12.90.38,1,0.6990165816265242,-0.4092357625732736,-0.07917369491385662
10.12.90.38,1,0.7668839498244009,-0.41019069036737116,-0.08071104626487684
10.12.45.42,1,0.79751586923918,-0.013686713602406114,0.4329373658309931
10.12.1.120,1,0.44057558339122116,-0.24718309162102103,0.15176386963478455
10.12.49.61,1,0.6759070461590947,0.7022217193238219,-0.23078065000894757
10.13.132.50,1,-0.25990810787816043,0.040210796863815505,-0.010459397496430418
10.12.28.40,1,0.4170861025270583,-0.30329892438662925,0.05708091207236324
10.12.49.41,1,-0.3273761640251086,0.11192100384934876,-0.0013032860217423576
10.12.2.30,1,-0.24682171867848562,0.02740932144449042,-0.01211480414927465
10.12.52.60,1,-0.055235039763401605,0.062225816661904514,0.2562595657310777
10.12.44.70,1,0.03425403614212839,-0.17889034020025293,-0.0226883390649966
10.12.49.45,1,0.000318322980635961,-0.16728101815403756,-0.0383247133284249
10.12.88.216,1,0.2950650829916282,0.4203557789363402,0.6590959338082181
10.12.45.113,1,-0.2178005452481205,0.00012040536868229842,-0.01567006227203755
10.12.200.1,1,0.3108107971853665,0.002709677568787387,0.4308473842678629
10.12.44.103,1,0.2131235829331139,-0.28331176773924177,-0.055329472799013985
10.12.44.94,1,-0.06182229621152972,-0.12537280184826388,-0.03249318125883055
10.12.36.32,1,0.42968631947827746,0.7609162290144499,-0.18983992249775378
10.12.28.37,1,0.6375048570584464,0.7960864776440364,-0.24042518507618726
10.12.56.33,1,-0.13140960877136004,-0.07333345920203356,-0.025412796565296263
10.12.48.23,1,-0.3676174883956508,0.1602786226131112,0.004764601405770976
10.12.49.34,1,0.006650802994700549,0.5278962335274888,0.14345155881323643
10.12.1.196,1,-0.35260477009530694,0.18550911173076837,0.0635664348871509
10.12.52.31,1,0.5705164326075326,0.6421397807106333,-0.3286173361566765
10.12.45.64,1,0.5003619914884262,0.7638604643588217,-0.2497385987722772
10.12.64.36,1,-0.29529946176391847,0.07654490604418918,-0.005794056211470085
10.12.44.110,1,0.22689882365920833,-0.2894959520544917,-0.05628742405282177
10.12.45.212,1,-0.239814801707829,0.020685320926251086,-0.012988120654628791
10.12.1.195,1,0.9042041938691413,-0.06706369309772225,0.31710198344745066
10.12.44.234,1,0.7407309487622669,0.1549582102562551,-0.06217122428171021
10.12.90.60,1,0.13200686566593328,-0.24373937537918103,-0.0493481374809553
10.12.28.40,1,0.28331600906800847,-0.313239188483982,-0.06003321708603055
10.12.44.77,1,0.03433896622018885,-0.18857146050572107,-0.041338172378646225
10.12.45.201,1,0.6304840813308534,0.8933232546249887,-0.4222085785562441
10.13.78.141,1,-0.21655610537016712,-0.0010175786210140808,-0.01581935214968361
10.12.60.51,1,0.4879157970034191,0.7959577656958711,-0.2400314862504264
10.12.87.88,1,0.07488786137233551,0.2396735516966479,-0.024210780064065258
10.12.90.59,1,0.3776678872857555,0.468304656812134,-0.10132838409218606
10.12.49.42,1,0.19739249135873058,0.5501095071464535,-0.11372425955840289
10.12.88.47,1,0.19468890264012956,-0.2747953332214317,-0.05402183129805577
10.12.41.215,1,0.014792869437213836,0.01927093099290829,0.25966620854345634
10.12.90.62,1,0.16110053155827025,-0.25856178779630135,-0.051562136392412
10.12.44.138,1,0.8235535247722663,-0.4070213803723405,-0.08156691577178879
10.12.45.61,1,0.044948749027721294,0.5607991716578012,0.03393455876498303
10.12.45.33,1,-0.36252788518399487,0.1696006615492609,-0.002432417690688215
10.13.97.10,1,-0.22468154811047064,0.006459442245495454,-0.014841352105970254
10.12.60.91,1,0.26667511284035184,-0.034224951751766416,0.3280996735043591
10.12.44.93,1,0.5241902090830701,0.8281243054996003,-0.2942657454384874
10.12.28.37,1,0.6352759847490388,0.8020868735195388,-0.23579904405217547
10.12.200.1,1,-0.36729771928729443,0.16037045635006922,0.004883650101845985
10.12.16.34,1,0.3078636830251993,0.6139481589639418,-0.11026009879304771
10.12.2.72,1,-0.36761706162599495,0.16027765652051468,0.004759844040262149
10.12.49.47,1,-0.22884972686305502,0.01961228328296177,0.0010392596756607598
10.12.41.213,1,0.020775243914053172,-0.18021756573472936,-0.0401520509973746
10.13.45.180,1,0.22063205529647975,0.19715562973968503,0.5561076161101176
10.12.90.62,1,-0.2282523909211753,0.018890197688282682,0.0007074400784056638
10.13.45.147,1,-0.23609574338250772,0.017152234392860826,-0.01344787153903489
10.12.90.55,1,-0.07505651043836115,0.2321442831096962,0.37961091439920386
10.12.44.118,1,-0.21838299931870372,0.0006539415190878787,-0.015600364556848134
10.12.3.15,1,0.36338386865292915,-0.06032303414027731,0.3904650078783711
10.12.60.91,1,0.38391935173820546,0.014110986768262454,0.23359509731956768
10.12.88.67,1,-0.07326907500311322,0.20417065348300395,0.35434816132704994
10.12.41.237,1,0.1271989277401981,-0.21183758369458003,0.011480560518330633
10.12.60.57,1,0.33880905222223806,0.11644995915186453,0.5400911006094211
10.12.49.44,1,0.8110149275303752,-0.07117881942360467,0.41762028844295285
10.12.2.74,1,0.5615900397228819,-0.29393208926985503,0.14177248312136662
10.12.44.70,1,0.06873665834896188,-0.2089813039665878,-0.04426530146053262
10.12.44.66,1,0.03459127569266442,0.25061576237600836,-0.13041832488871188
10.12.44.126,1,0.33592559683318457,0.2980271508979157,0.27928989770611373
10.12.49.47,1,-0.22869364708604298,0.018115354852369484,-0.000894022045536649
10.12.49.52,1,-0.22491698181961803,0.006677736697042085,-0.014812829191240834
10.12.90.47,1,0.31701560552173746,0.4407950544022249,0.028152130223539355
10.14.32.141,1,-0.14017217184940006,0.06764523249929433,0.17691449870228476
10.12.71.4,1,-0.36761706630148355,0.16027766036536678,0.004759865610074607
10.12.60.83,1,-0.032442495507418054,0.3645866775400811,0.4624180796752852
10.12.60.50,1,-0.3502206632568471,0.1387693093896141,0.0020731187445652676
10.12.45.33,1,0.6226289482791068,0.9372072703908632,-0.43089758458043376
10.12.49.59,1,-0.23493762168477042,0.016056958963315195,-0.013590040411984654
10.12.80.87,1,0.3715834760554978,0.4388651108683507,-0.011070258624467236
10.12.80.83,1,0.17235469829176558,-0.26410494320336264,-0.05239753367300763
10.12.60.61,1,0.48623157298359343,0.12105321891168874,0.5603799035185624
10.12.1.56,1,0.5452438452367232,0.3346976019310402,0.7787271525926867
10.12.90.50,1,-0.29165034878253787,0.07267512465980192,-0.00628807591034367
10.12.64.36,1,0.09914726698223236,-0.22612745535211823,-0.046756662550807786
10.12.45.212,1,0.3633886513407225,0.7189316659507768,-0.08581166632947185
10.12.1.230,1,0.7136536415602681,-0.40984847476737035,-0.07954293439161302
10.13.45.119,1,-0.23590594925360414,0.01697258059067838,-0.013471213931900658
10.12.2.83,1,0.03658440668701704,-0.08757635148647261,0.13374044697075063
10.12.200.1,1,0.08374890741337078,0.2578798935909706,0.5521801582768506
10.12.90.62,1,0.16110053155827025,-0.25856178779630135,-0.051562136392412
10.12.44.165,1,-0.2808552907163227,0.06139885286084267,-0.007732657188412199
10.13.129.86,1,-0.25936657240779576,0.039674493090513234,-0.01052786667057108
10.12.44.167,1,0.2639076440444915,-0.14492896731176563,0.22424997967190863
10.12.90.48,1,-0.22719850739528483,0.008798063097992961,-0.01453609865251189
10.12.44.145,1,-0.04014465224939767,-0.10449156773863867,0.03109608151363787
10.12.87.88,1,0.22019288833779713,0.7412639479041438,0.0315992873638921
10.12.88.214,1,-0.2999669890602863,0.08153863140988132,-0.005157183058871396
10.12.48.37,1,0.02405945587980643,-0.18225651615719693,-0.04044069116802251
10.12.1.56,1,0.570206883021814,0.40226508156215085,0.8148240598307734
10.12.28.37,1,0.6795172174541566,0.8889064935003791,-0.4781101961141976
10.12.48.37,1,0.16710454798964636,0.5539476984965509,-0.18318687240566156
10.12.44.155,1,0.1065648856425419,0.3111065056768855,-0.09046371965813348
10.12.60.57,1,0.2629815670372037,-0.30497379443710415,-0.05871815455154034
10.12.1.120,1,0.22023433859680694,0.02985080079140737,0.4186029369723784
10.12.90.55,1,-0.0531681609965257,-0.050655741096480265,0.10294074571697315
10.12.45.149,1,-0.3676172156972486,0.1602777995802699,0.004760628993651131
10.12.60.61,1,-0.07385877876395464,-0.11677627179763737,-0.031312196331981686
10.12.60.91,1,0.7276880587817468,0.7266619545548549,-0.3350025837033709
10.12.44.178,1,0.055586052322267626,0.5201071779894746,0.156421432771892
10.12.45.64,1,-0.24497272348043278,0.025626363488219065,-0.012346536316182297
10.12.49.59,1,-0.2771877211566779,0.057624354557198644,-0.008216402345501183
10.12.41.202,1,0.09388978496097225,0.08393734330474557,0.13548798480597493
10.12.88.208,1,0.31976495707592223,0.6859751568714304,-0.051989184595579364
10.12.48.1,1,-0.2809473533765216,0.06149399869263272,-0.0077206436953788276
10.12.64.36,1,0.19544685195568998,0.5170318795840327,-0.0358759359454565
10.12.20.54,1,0.18316599197147423,-0.2621896886990034,-0.03627081099745578
10.12.80.87,1,0.5466705945947109,0.6159161918237585,-0.1592739420445784
10.12.80.31,1,0.45019521833230636,-0.24163396272299195,-0.042052866564635014
10.12.45.201,1,0.5377807233728492,0.6605624486809238,-0.23836662436802933
10.12.45.42,1,0.40553098803218884,0.6136982466913515,-0.027580287498248215
10.12.48.42,1,-0.09094448140918754,0.2602121468672127,0.3798559163030238
10.12.41.42,1,0.2600879706253532,0.402542009401577,0.04658354497316546
10.12.16.32,1,-0.17029073893469648,-0.041604575767520476,-0.021169928519009222
10.12.85.18,1,-0.2280975597293347,0.009635993257032143,-0.014426379051806548
10.12.90.60,1,-0.223440091505462,0.005309901585803705,-0.014991500875581128
10.12.90.44,1,-0.2629011225581946,0.04544988925303761,-0.006355422436426691
10.12.45.100,1,0.7663208292818785,0.8177065788633693,-0.40350750884013536
10.12.44.132,1,0.4502614416057672,0.4509805893624158,-0.18109351851965025
10.12.106.29,1,0.6150195844885539,0.27443442602174567,-0.0480225631016526
10.12.60.102,1,0.4859165397171888,-0.35324850452824536,-0.007188820974877243
10.12.56.33,1,0.09875867081381032,-0.22591353463188188,-0.046724424415218034
10.12.87.76,1,-0.3583336231861949,0.14867785838806466,0.0033126755736248114
10.12.60.29,1,0.3358468342720123,0.01157384292797148,0.4540668249151852
10.12.60.60,1,0.8499267548540009,-0.02297888976904003,0.26648355162152043
10.12.88.200,1,0.765751855313411,0.042982641390616375,0.45687683573212556
10.12.1.195,1,0.7802115016698721,0.12533888130267537,0.5269082440049072
10.13.129.86,1,-0.22132076599210343,0.0033534720592489718,-0.015247107491481986
10.12.20.45,1,0.49010013857984025,0.33267171940319945,0.4499841662328221
10.12.52.70,1,-0.09532562215291987,-0.08169955156366351,0.0037768941284519876
10.12.28.38,1,0.0642213326631697,-0.20636442427577092,-0.043887266955065514
10.12.44.154,1,0.06366169698620826,-0.20603889210162527,-0.04384047006092921
10.13.78.141,1,-0.2316660074757373,0.012975674360060266,-0.013991099647050741
10.12.32.31,1,0.7830266531350427,0.38546958894319955,-0.11915530726785467
10.12.44.103,1,-0.17905577096864525,0.14733690473860275,0.22003035155743844
10.12.88.61,1,-0.29997617082433,0.08154855827927836,-0.0051562868927678834
10.12.36.230,1,0.05347660763008585,-0.20006218009509805,-0.04298119531029371
10.12.44.154,1,0.6091335247706778,0.6888853416224096,-0.20635042115496766
10.12.44.94,1,0.5880498093182904,0.5944134025225207,-0.09172624148737608
10.12.86.44,1,-0.13441260835040086,0.11596199318520461,0.22516592037114186
10.12.90.15,1,0.3195296894224893,-0.0337780171945219,0.3814545060592139
10.12.60.61,1,0.49392705244283513,0.07697736863556924,0.5823683974536932
10.12.42.46,1,0.7917732788703464,-0.01731943781429919,0.4306465517442477
10.12.28.37,1,0.6174912901688775,-0.40200350852913147,-0.07666965852966175
10.12.1.56,1,0.5398589504905023,0.3188475691295656,0.7352491202511232
10.12.90.48,1,0.07052435221231543,-0.21001218230509835,-0.044415368501206066
10.12.1.2,1,0.6776633976714381,0.9322973299057025,-0.467120029308675
10.12.44.224,1,-0.1382428766885052,-0.06790346124646507,-0.024683038765250936
10.12.68.37,1,0.8356445883112492,-0.0382347218641387,0.36003611897630233
10.12.52.33,1,0.6150195844885539,0.27443442602174567,-0.0480225631016526
10.12.48.42,1,-0.11214463136349852,0.31071838530198187,0.26824018576225556
10.12.45.113,1,-0.24153398752146557,0.022326872283230957,-0.012774675594235702
10.12.60.49,1,0.5100815479007551,0.04827910201856563,0.5458859272141615
10.12.10.44,1,0.6282911795196479,0.8845708886989564,-0.39407065408411
10.12.28.40,1,0.7446794796616576,0.7082014743629927,-0.3813606330651544
10.12.52.70,1,0.359451044159194,0.7158712501409424,-0.311891002167823
10.12.60.72,1,-0.30766649952272257,0.08988691957096429,-0.004094496120487159
10.12.8.36,1,0.4548807911417584,-0.18728370794087423,0.23760704768465343
10.12.52.56,1,0.8073395688585365,0.02824814125976655,0.43535346391133606
10.12.48.41,1,0.7534592322396638,-0.03812330214389939,0.41766771492038196
10.13.132.22,1,-0.24832605916623537,0.028864639028548925,-0.011926582640860767
10.12.88.187,1,-0.06628896369912901,0.42322019378535897,0.3562490436198842
10.12.32.41,1,0.458814571324308,0.38773249069359794,-0.25862196755243727
10.12.90.60,1,-0.2346203916191913,0.015757371489766706,-0.013629076582727223
10.14.32.141,1,-0.09871700815775154,0.12465735996459404,0.2864311737043355
10.12.44.77,1,0.03433910330117061,-0.18857152672683958,-0.04133884552040926
10.12.88.178,1,0.016190907042806072,0.32533471913596124,0.26152999807694843
10.12.86.33,1,0.15467740732527258,0.4796698354449564,0.3321349579953269
10.12.8.52,1,0.6852214237117662,0.21707567374274156,-0.043418132580958564
10.12.44.138,1,0.913710588170575,0.5929591390437553,-0.18792913489984933
10.12.60.88,1,0.2094597812549361,-0.046021057324600406,0.3107407314895161
10.12.45.113,1,0.08789362886021342,0.26887255824887324,0.4432471570308518
10.12.20.54,1,0.6157321522241602,0.6087721357727257,-0.32958252816190864
10.12.44.94,1,0.45892299389320745,-0.05856672656131567,0.2815664006205317
10.12.80.87,1,0.2328842472116992,0.01806531488393163,0.4125851278119749
10.12.44.77,1,0.03433896622018885,-0.18857146050572107,-0.041338172378646225
10.12.88.178,1,0.08427607186732118,-0.21784605726699385,-0.04554839978742699
10.12.24.29,1,0.23099031461193656,-0.2913033360693531,-0.0565687349240483
10.12.1.195,1,0.8667430465130644,0.024867575908255814,0.37555279224571764
10.12.60.66,1,0.6154049185972269,0.7065479396711765,-0.2644371743345793
10.12.20.54,1,0.36001630034313997,-0.34149700234971697,-0.06470679866976146
10.12.36.230,1,0.0005490205743176288,-0.167429213729376,-0.03834463979131157
10.12.49.63,1,-0.23606414711733226,0.017122272395948098,-0.01345136097505489
10.12.28.41,1,0.6752178834086968,0.9358916123797655,-0.47803179664217427
10.12.24.36,1,0.5072802852760078,-0.38275913024781083,-0.0722659328441808
10.12.45.100,1,-0.206054847945522,-0.010520506850688132,-0.01706514175141734
10.12.88.167,1,0.16984658257993926,-0.26287868977388196,-0.05221294578848719
10.12.42.40,1,0.01030938291932728,0.3353443808798624,0.2187083835417224
10.12.90.62,1,-0.21859220349565794,0.0008457017634524401,-0.015575217360382669
10.12.60.60,1,0.6316586186995509,-0.40370728347741164,-0.07715387145306643
10.13.129.65,1,-0.2394106998862705,0.020300227920954348,-0.013038141997671643
10.12.48.159,1,-0.24269867591319766,0.02344211792623783,-0.01263070110230922
10.12.44.103,1,0.13425704378672115,-0.2449115009545901,-0.04952297595529936
10.12.48.37,1,0.8166530139868547,-0.10019932006047767,0.38338905216731956
10.12.36.230,1,0.583838997522803,0.6147830239795908,-0.2513910645549559
10.12.44.70,1,0.4505081849479305,0.3796329589286657,0.36740118299628466
10.12.88.167,1,0.11003994676265508,-0.2320695447781071,-0.04762798581831827
10.12.60.36,1,0.6068170181241439,-0.40059635255591036,-0.07628403837659742
10.12.68.43,1,-0.08039390823095553,0.47246374629739657,0.11830606852311208
10.12.44.70,1,0.5162353895722892,0.5438508585399717,0.06635898434745213
10.12.68.43,1,-0.02182468426125128,-0.09150019315888225,0.07353407967212444
10.14.0.197,1,-0.1548425754093934,0.13561865540717793,0.23472149560188713
10.12.44.94,1,0.5014791480285412,-0.38146279575966463,-0.07200427773633152
10.12.36.34,1,0.015360938968460363,-0.176833518407061,-0.03967204163419296
10.12.2.73,1,0.5408935593876876,-0.329639610192336,0.06675557970480768
10.12.8.33,1,0.5799817222492973,0.6916384104891335,-0.0805387957529761
10.12.44.99,1,0.17682217217892549,0.6297159556934894,0.062208202132049986
10.13.45.147,1,-0.2405165425840853,0.021354733721798937,-0.012901075088863347
10.12.60.32,1,0.271914599161496,-0.011284727099217998,0.26629414393721274
10.12.80.87,1,0.0005683751095480859,-0.054762493792841024,0.14795501229632574
10.12.90.62,1,0.31809711021548603,0.15950981887488033,0.45690506333121583
10.12.87.64,1,0.20599551162727145,0.42347092511723755,-0.1347543234021943
10.12.42.41,1,0.041047624166612125,-0.19263859809544678,-0.04191784417216019
10.12.8.32,1,0.44072710575195906,-0.3662481426726072,-0.06908038118294935
10.13.97.6,1,-0.22808175165342062,0.009621252557030236,-0.014428376144992556
10.12.20.50,1,0.46396506491655176,-0.31811992963189895,0.05340480472282308
10.12.88.58,1,0.08765939634666729,-0.1804886619589265,0.03160513687539639
10.12.44.53,1,0.6608033702319862,0.9275808610892133,-0.44775397640069003
10.12.105.2,1,0.4607584326837742,-0.3715926890306197,-0.07007806212917117
10.12.8.5,1,-0.36761729690741596,0.16027911371523718,0.00476665805027708
10.12.28.31,1,0.6524222340893938,0.19649045778767682,0.053292845905085096
10.13.132.22,1,-0.2487390569600797,0.02926490123280906,-0.011874747933329027
10.12.44.77,1,0.4828789654311928,-0.18300547068977008,0.2502240828885994
10.12.2.85,1,0.27064326756192164,-0.1675710447708879,0.19396210737199487
10.12.88.59,1,-0.06037685206081051,-0.12639428656160032,-0.03263324920574179
10.13.132.7,1,-0.22983141054251027,0.011255973420411163,-0.0142154464351865
10.12.44.177,1,0.6667088443483458,0.6083119074369836,-0.19063893557735007
10.12.36.37,1,-0.03636093610591186,0.42531562803240974,0.41290253245824515
10.12.44.77,1,0.04033346961207731,0.18482613052957272,0.42696448988948854
10.12.48.45,1,-0.07108656910876625,0.47601464130577326,0.16141823829706356
10.12.60.58,1,0.6861858406042137,0.9339242760140293,-0.48267687947712046
10.12.60.61,1,0.7365607144488054,0.4202827934548969,0.049368821503462876
10.12.60.32,1,0.5208929287819909,0.8631610317821912,-0.24001316595159464
10.12.1.74,1,0.8857577700898535,-0.39853093951174934,-0.08047862222843417
10.13.132.6,1,-0.24873309713685113,0.029259093514746017,-0.01187522740382393
10.12.36.34,1,0.09265973958691764,-0.16710018990717498,0.056738676572599865
10.12.60.91,1,0.6659689711771255,0.8198388576417165,-0.4299185397090316
10.12.90.31,1,0.6060741347061088,0.884668798745642,-0.44008092146606115
10.12.44.171,1,0.5614538357703482,0.43163352246348924,-0.20049964219876437
10.12.36.230,1,0.5818553311055759,0.7247801391815704,-0.2405814611956448
10.12.88.47,1,0.46538123730492115,0.2704167980049932,0.5386907350042205
10.12.20.54,1,0.3987948788109017,0.09393536986872061,0.5641043198404384
10.12.84.54,1,-0.3676170977027001,0.16027768687286398,0.004760013580819879
10.12.45.212,1,0.33310702706872797,0.6758498170637381,-0.10169540618562603
10.14.0.197,1,-0.24698020326352016,0.02756259158441878,-0.012096080501356944
10.12.48.33,1,0.011357699426197113,-0.15818488208533293,-0.007852023470988335
10.12.90.58,1,-0.042461648375039546,-0.0992300016638266,0.03826958339874145
10.12.44.132,1,0.5428155859582356,0.6044824310416177,-0.15499214220639612
10.12.60.69,1,-0.3676171290363463,0.16027771461389395,0.004760167083482091
10.12.44.155,1,-0.10474936041488458,-0.09395413615080346,-0.02819886008494959
10.12.32.31,1,0.8258042928095465,0.4599200895033485,-0.042324778659374104
10.12.105.1,1,0.28047796607347003,-0.31210638762392334,-0.05985585543825962
10.12.45.113,1,0.14986558679536682,0.42802394997968746,0.06154478309141803
10.13.132.7,1,-0.24873309713685113,0.029259093514746017,-0.01187522740382393
10.12.44.53,1,0.6817498989846474,0.9320274220600987,-0.4704480345186474
10.12.88.207,1,0.03039702310967647,0.2508636825547265,0.08439908576414153
10.12.44.70,1,0.04538767532073457,-0.19524721948183738,-0.042291442482020464
10.12.36.35,1,-0.36761701455107887,0.1602776191497836,0.004759632944473813
10.12.60.58,1,0.6849187143984335,0.9349605741922238,-0.4861192508106102
10.12.2.82,1,0.12193683290189189,-0.008873045124112567,0.3054488751201134
10.12.60.82,1,0.20420038751637454,-0.2792239402553615,-0.05470068415563423
10.12.88.211,1,0.6605110150294307,0.703932282472482,-0.2072600992169071
10.12.45.130,1,-0.11492437703315421,0.23713558707167193,0.361214345177346
10.12.60.32,1,0.6380598596591224,0.9254910502562966,-0.451320276496131
10.12.44.94,1,0.5014791480285412,-0.38146279575966463,-0.07200427773633152
10.12.1.195,1,0.8157890250338244,0.0759152358315594,0.4951884747108255
10.12.49.47,1,0.19787450204631873,0.5424748074886622,-0.09728465946277771
10.13.132.22,1,-0.13520924648962573,0.12036944168114719,0.24852633244999064
10.12.20.54,1,0.4927585891724776,0.10741081219637874,0.4935317685471859
10.12.88.179,1,-0.3676170874482151,0.1602776780813348,0.004759964646338406
10.12.45.201,1,0.013723312760960895,0.29211760733883557,0.2569362030165302
10.12.44.77,1,0.7685507146900493,0.14017301940263166,-0.07445021689395494
10.12.44.224,1,-0.13041648592734884,0.041304351876673265,0.14371489797996373
10.12.88.52,1,0.01939123947249943,-0.03529031926363217,0.1855937694720064
10.12.88.191,1,0.013051978893907974,-0.17538163479115335,-0.039467637705909386
10.12.90.60,1,-0.223440091505462,0.005309901585803705,-0.014991500875581128
10.12.88.156,1,0.257431337223744,0.22663846061289575,0.053112739154975906
10.12.48.52,1,0.38918938831472355,0.6533413658201511,-0.2755977219944863
10.12.44.97,1,0.5310901008093395,0.6154222163610736,-0.12567217776770312
10.12.60.57,1,0.6389185494796593,0.9234788175516263,-0.40042590394147454
10.12.90.38,1,0.7131611651564745,-0.4098331937614307,-0.07953706247299347
10.12.36.230,1,0.7636238137131102,-0.4102585657698785,-0.08064925360886756
10.12.44.94,1,0.5611392303507663,-0.3934616650820509,-0.07455869854440646
10.14.96.94,1,-0.2158959626407466,-0.0016202728666144708,-0.015897934565786805
10.12.44.97,1,0.6036946789173953,0.9407264496671055,-0.39348793908747753
10.12.28.40,1,-0.35378777779478626,0.15041985250457493,0.013300591946721277
10.12.44.224,1,0.8337805841446855,-0.4060273900216678,-0.08167606346018115
10.12.44.64,1,-0.00041523555169128913,-0.16680945483614001,-0.03825694366909115
10.13.97.10,1,-0.2400579307054605,0.0209171440371576,-0.012957922830525865
10.12.8.48,1,0.4986307336859736,-0.38081614391461094,-0.07187383047378348
10.13.132.2,1,-0.21571848390645756,-0.0017821744047542127,-0.015919136480750235
10.12.44.224,1,0.20865317964804928,-0.048214591500397086,0.262248037024098
10.12.45.113,1,0.2534892461086154,0.6182347778371369,0.11322369592935824
10.12.44.94,1,0.5014791480285412,-0.38146279575966463,-0.07200427773633152
10.12.60.58,1,-0.3676169748504249,0.16027758935569741,0.004759462725215889
10.12.45.201,1,0.5695009562382942,0.7439404230829506,-0.1555646971106408
10.12.42.34,1,-0.33630435346000465,0.12223735904800583,-2.9377095351605884e-06
10.12.44.234,1,0.5083602092989732,0.5364675738639544,-0.1584640188948568
10.12.1.120,1,-0.0015373749913398268,-0.16510534595494075,-0.03634514287740462
10.12.36.230,1,0.02478008644249587,-0.18270252087648411,-0.04050351761879431
10.12.49.47,1,0.20957821812186372,0.6111334087851449,-0.2293934139779373
10.12.28.37,1,0.6781771449241302,0.9018313914778753,-0.4550452143157954
10.12.28.38,1,-0.11055614911187611,-0.08953766109909844,-0.02759918658710924
10.12.90.50,1,-0.29165034878253787,0.07267512465980192,-0.00628807591034367
10.12.60.51,1,0.4043703514734668,0.7931344098574683,-0.09935795451086306
10.12.36.233,1,0.24183975267737612,-0.29603100119159653,-0.05730811578043163
10.12.87.94,1,0.05785331826581059,-0.16451473514358658,0.029625793113217305
10.12.36.37,1,0.06919716209562664,0.47537498513634985,0.47450784201423557
10.12.107.120,1,0.49314263424162785,-0.24634781565343336,-0.03300840208388892
10.12.60.93,1,0.2909458685944793,-0.316258258401003,-0.060526605780093355
10.12.44.154,1,-0.09303004631545234,-0.10274395212259838,-0.029394660812721796
10.12.52.31,1,0.5619654479884448,0.636945160082335,-0.09062407205326042
10.12.2.74,1,0.5050139158135946,-0.3822558371494182,-0.07216290884370061
10.12.52.58,1,0.8765132568500642,-0.12130322713286469,0.33602884041776554
10.12.90.48,1,-0.23690753737101053,0.01792135577566481,-0.01334783486366387
10.12.87.88,1,0.0336132382194929,-0.1881290017633543,-0.04127412989244887
10.12.36.32,1,0.5542890564596826,0.6087780883011583,-0.39138036289706557
10.12.45.64,1,-0.24497272348043278,0.025626363488219065,-0.012346536316182297
10.12.16.32,1,0.2272142858005263,-0.28963575468726416,-0.05630993982676157
10.12.44.158,1,0.5055200716626047,-0.38236869123565825,-0.07218664148975734
10.12.3.17,1,0.44354963439628314,0.08041396677175253,0.5695114578416658
10.12.44.28,1,-0.3676169989536435,0.16027760726831225,0.004759565271174476
10.12.88.185,1,0.020761539835101782,0.23014375978374843,0.46194106317318007
10.12.44.234,1,0.15604036405590924,0.47509456521181065,0.5903385116504839
10.12.45.100,1,-0.36761690138309594,0.16027962493260894,0.004768625184961778
10.12.44.70,1,-0.23926827861173758,0.020164531738992738,-0.01305522814895814
10.12.60.61,1,-0.36761702847826805,0.16027762996217254,0.004759694292317051
10.12.44.177,1,0.5723945247257898,0.7643001737839502,-0.15140964939144544
10.12.86.44,1,-0.09198011781553474,0.2571413430433338,0.3770719452593467
10.12.80.87,1,0.012769832018800746,-0.061728900287004,0.14672629435231507
10.12.87.73,1,0.11791469950798722,0.615394569647004,-0.17763292417576354
10.12.49.43,1,0.13414863159226204,0.4654699295913176,0.14045981126919146
10.12.92.12,1,0.6491778264501668,-0.4055594458999301,-0.07772293447821785
10.12.45.130,1,-0.03893525731143839,0.2795121582126951,0.44309690829145404
10.12.52.56,1,0.8316820586002581,-0.030969889394826835,0.4082560220739881
10.12.42.45,1,-0.3283294818706257,0.11301220712529123,-0.0011656302255105356
10.12.68.43,1,0.14070312249514919,0.6521768016787041,0.0295427940278224
10.14.0.176,1,-0.3280484765850015,0.11269014645402863,-0.0012046585454233017
10.12.44.178,1,0.6722130690951623,0.9318400528016826,-0.4750141246377902
10.12.44.94,1,0.7960046911578109,0.39358989154594887,0.026651037495833075
10.14.72.87,1,-0.230779442999193,0.012143896206474263,-0.014099475330675884
10.12.49.42,1,0.014414644345634463,0.5355167211960897,0.11972565922828579
10.12.71.4,1,-0.36761715507957976,0.1602777387706384,0.0047602996529347305
10.12.56.33,1,-0.01863334106806755,-0.11677657558938717,0.03400971311557766
10.13.132.7,1,-0.22491063973944758,0.017254525072690208,0.0025245120524203016
10.12.44.77,1,-0.14572160744786494,-0.06189057927070799,-0.023877116842660927
10.12.45.42,1,0.15520445585562243,0.5043406364027129,0.2931536280176286
10.12.44.155,1,-0.2453789855671679,0.026017544837314006,-0.012295303541446513
10.12.60.45,1,0.6442132638251084,0.927875797091932,-0.39676171047849035
10.12.44.77,1,0.08694414453723565,-0.21934632499074394,-0.04576692735675995
10.13.132.2,1,-0.23755498332668726,0.01853554827244158,-0.013267536224936595
10.12.10.59,1,0.45952443961148065,-0.3712728070896771,-0.07001944848992077
10.12.44.124,1,0.17704685005579404,0.5566737780226696,0.03919010290238261
10.12.88.204,1,-0.21849460632986767,0.0007562413514064702,-0.015587019700867963
10.12.88.205,1,-0.25141086247381894,0.03186186771857549,-0.011537657853191809
10.12.32.37,1,0.6851905255748844,0.1598304414526894,0.09358170584693365
10.12.88.205,1,0.560173682198107,0.8527516708442147,-0.4746658155978885
10.12.16.32,1,0.5325763934449884,0.4125385996211041,0.30223046881603727
10.12.92.32,1,-0.17036128714631527,0.33674757172425246,0.36841834575356164
10.12.2.84,1,0.07120790421506253,-0.06494157258465885,0.1943546161447116
10.12.16.32,1,0.697307780995018,0.1339141106829478,0.3660229347762396
10.13.132.49,1,-0.2542385083309641,0.03462499047742323,-0.011180941348114575
10.12.90.44,1,-0.25516649280544074,0.03571186962831642,-0.010770251111635211
10.12.86.45,1,-0.2245299472949,0.006318940454474188,-0.01485983029795147
10.12.1.74,1,0.8850735347315656,-0.39889200635578537,-0.08198129743980304
10.12.41.42,1,0.1878292320036847,0.5217755660754866,-0.03848821848064122
10.12.16.33,1,0.31729430854319524,0.41921136250826263,-0.1177541430727419
10.12.88.193,1,0.06279742033563253,0.25449033162655227,0.24104966351974677
10.12.10.108,1,0.5284266798020001,-0.387250051171493,-0.07319762397955558
10.12.1.37,1,0.37834292345175496,0.07504156122718252,0.4988894385986117
10.12.28.29,1,-0.21304814884033565,0.3100396745351326,0.31998892560503356
10.12.44.77,1,0.04290201533032001,-0.1111286777763464,0.09937605602343469
10.13.45.147,1,-0.2405165425840853,0.021354733721798937,-0.012901075088863347
10.12.52.56,1,-0.08452364838346499,-0.10902250591496943,-0.030250254292207995
10.12.1.2,1,-0.36760948507551117,0.16028384333452061,0.004781179828532443
10.12.45.64,1,0.34280500219589244,0.724500442110713,-0.0817529150642869
10.12.87.73,1,-0.2315189506102515,0.012837598572885144,-0.014008916455094752
10.12.44.154,1,0.06508418502504766,-0.20686592699761677,-0.04396065747959118
10.12.44.53,1,0.3421342112152506,0.5804390744789992,-0.36801007986103795
10.12.90.42,1,0.35964037981948893,-0.3413697385994298,-0.06468418740219581
10.12.44.75,1,0.8084582920787636,0.21092161628871836,-0.12807046102329567
10.12.2.51,1,-0.367617004391235,0.1602776113838014,0.004759588742737591
10.12.1.2,1,0.21934498004368153,0.7640571416575451,-0.2891472327352829
10.12.45.64,1,0.2129389050592108,0.49310415471728536,-0.10780719428798165
10.13.78.141,1,-0.22293092417289315,0.004839246946632448,-0.015053491231048674
10.13.45.147,1,-0.2390698847215767,0.029449685192801583,0.0025205308859484596
10.12.1.40,1,0.5037611136552419,-0.3649527168654722,-0.047030602021531476
10.12.86.45,1,0.17188969691473224,-0.2638779948959472,-0.052363242411163115
10.13.45.147,1,-0.2825498613157339,0.06315236785075778,-0.007507844420039967
10.12.87.50,1,0.8465997946838498,-0.1180119405822453,0.3478554546719654
10.12.48.37,1,0.7556336765179943,-0.4103747205630044,-0.08049310560047626
10.12.90.60,1,0.2541354679505393,0.6128286461843399,0.11993223789452807
10.12.88.47,1,0.00714188258683018,0.3259639092877511,-0.0544533800184414
10.12.1.9,1,-0.3526331525047654,0.18549750225233302,0.0635382524272932
10.12.1.56,1,0.5376367467267591,0.31049307545136823,0.7616570151051276
10.12.88.44,1,0.285362356272111,0.47490633657543463,-0.22309516425115114
10.12.45.42,1,-0.057156575524110055,-0.02907135264288102,0.13275491079793383
10.12.49.44,1,-0.23732036118957744,0.01980851065404791,-0.010719586799539339
10.12.60.57,1,0.010739263400194488,-0.026043617282544517,-0.03721422191295518
10.12.49.47,1,-0.23185309060804696,0.013744789939500965,-0.012967406302773515
10.12.42.38,1,0.08600463894788848,0.5890223178486301,-0.02055747579647599
10.12.45.201,1,-0.2785257832964986,0.058998163080141885,-0.008040313211476368
10.12.45.130,1,0.33580978515453985,0.7134439560759639,-0.061251079452650646
